Protein_ID,Length,Actual_Sites,Predicted_Sites,Num_Actual,Num_Predicted,AUC,AUPR,Precision,Recall,F1,MCC
I1RPI4,528,[308],[154],1,1,0.9962049335863378,0.3333333333333333,0.0,0.0,0.0,-0.0018975332068311196
P17989,349,"[79, 83]","[79, 83, 164]",2,3,1.0,1.0,0.6666666666666666,1.0,0.8,0.8153192240342007
P34100,714,"[363, 457]","[363, 457]",2,2,1.0,1.0,1.0,1.0,1.0,1.0
A0Q5Y4,318,"[157, 222, 237]","[157, 222, 237]",3,3,1.0,1.0,1.0,1.0,1.0,1.0
O60156,284,"[206, 214, 245]","[206, 214, 245]",3,3,1.0,1.0,1.0,1.0,1.0,1.0
Q0PKV7,525,"[88, 178]","[88, 178]",2,2,1.0,1.0,1.0,1.0,1.0,1.0
Q9P6N2,229,"[12, 14, 176]","[12, 14, 21, 153, 176, 179, 180]",3,7,1.0,1.0,0.42857142857142855,1.0,0.6,0.6488344115045572
P49332,221,"[14, 41, 55]",[41],3,1,0.9984709480122325,0.9166666666666665,1.0,0.3333333333333333,0.5,0.5747199581561705
Q93ZC9,362,"[24, 179]","[24, 134, 168, 179]",2,4,0.9972222222222222,0.5833333333333333,0.5,1.0,0.6666666666666666,0.7051398600435393
Q8KLM3,270,"[67, 90, 132, 163]","[67, 98]",4,2,0.950187969924812,0.6223484848484848,0.5,0.25,0.3333333333333333,0.34693497389018146
O14040,927,"[453, 461, 462]","[453, 461, 462]",3,3,1.0,1.0,1.0,1.0,1.0,1.0
Q83F94,185,"[75, 113, 170]","[75, 113, 170]",3,3,1.0,1.0,1.0,1.0,1.0,1.0
F1DBB3,398,"[264, 306, 335, 362]","[264, 306]",4,2,0.993020304568528,0.698051948051948,1.0,0.5,0.6666666666666666,0.705318897715599
Q8Q054,966,[635],"[79, 439, 441, 635]",1,4,0.9989637305699481,0.5,0.25,1.0,0.4,0.4992221929436442
P78581,588,"[195, 262, 265, 269, 271, 455, 501]","[195, 455, 501]",7,3,0.989918859109909,0.7077922077922076,1.0,0.42857142857142855,0.6,0.652411699497354
P74181,518,[337],[],1,0,0.9980657640232108,0.5,0.0,0.0,0.0,0.0
Q8P3J4,798,[481],"[481, 631]",1,2,0.998745294855709,0.5,0.5,1.0,0.6666666666666666,0.7066630366927752
Q08961,583,[273],[273],1,1,1.0,1.0,1.0,1.0,1.0,1.0
Q9KG32,265,[47],"[47, 72, 205]",1,3,1.0,1.0,0.3333333333333333,1.0,0.5,0.5751591786697668
F4JYG0,760,"[329, 331, 352, 355]","[329, 331, 352, 355]",4,4,1.0,1.0,1.0,1.0,1.0,1.0
D0E8I5,190,"[24, 27, 34, 58, 59, 62, 80, 104, 108, 158, 161]","[34, 58, 59, 80, 104, 133]",11,6,0.9939055358049772,0.9037979697070606,0.8333333333333334,0.45454545454545453,0.5882352941176471,0.5995768694690518
Q4WZB3,406,"[257, 352, 380]","[188, 257, 301, 352, 380]",3,5,1.0,1.0,0.6,1.0,0.7499999999999999,0.7726722024935305
Q9FJT9,956,"[85, 88, 89, 165, 172]","[85, 88, 89]",5,3,0.9808622502628812,0.8104166666666666,1.0,0.6,0.7499999999999999,0.7737834441676792
Q70KF0,340,"[41, 63, 92, 95, 98, 106, 147]","[41, 63, 92, 95, 98, 106, 147]",7,7,1.0,0.9999999999999998,1.0,1.0,1.0,1.0
Q0PBX7,247,"[25, 29, 33, 50, 52, 91, 93]","[25, 29, 33, 50, 91, 93, 233]",7,7,0.9982142857142857,0.9571428571428571,0.8571428571428571,0.8571428571428571,0.8571428571428571,0.8529761904761904
S0E627,393,"[109, 112, 141, 148, 152, 157, 158, 235, 236, 275, 278, 282, 292, 302]","[109, 112, 141, 148, 152, 157, 158, 235, 236, 275, 278, 282, 292, 302]",14,14,1.0,1.0,1.0,1.0,1.0,1.0
O43980,309,"[82, 166]","[81, 82, 137, 141]",2,4,0.993485342019544,0.6666666666666666,0.25,0.5,0.3333333333333333,0.34777823148750575
Q02742,428,[320],[320],1,1,1.0,1.0,1.0,1.0,1.0,1.0
Q5QKR8,334,"[81, 85, 127, 135, 139, 167, 175, 193, 252, 255]","[125, 127, 135, 139, 312]",10,5,0.903395061728395,0.40607830538767054,0.6,0.3,0.4,0.4123647106429716
P46116,281,"[150, 210]","[83, 150, 210]",2,3,1.0,1.0,0.6666666666666666,1.0,0.8,0.815032011890461
P54637,990,[650],[650],1,1,1.0,1.0,1.0,1.0,1.0,1.0
E7FHF1,114,"[15, 26, 28]","[15, 22, 26, 28, 64, 104]",3,6,1.0,1.0,0.5,1.0,0.6666666666666666,0.6974858324629156
P40376,512,"[230, 324]","[230, 324]",2,2,1.0,1.0,1.0,1.0,1.0,1.0
P32945,549,"[301, 303, 329, 361, 362, 410, 485]","[301, 303, 329, 361, 362, 410, 485]",7,7,1.0,0.9999999999999998,1.0,1.0,1.0,1.0
P46489,453,"[88, 93, 198, 204, 211, 218, 237, 268, 293]","[198, 204, 211, 237, 268, 293]",9,6,0.9001501501501503,0.7013859020310633,1.0,0.6666666666666666,0.8,0.813752046839833
Q9VWU1,394,"[187, 234, 339]","[187, 234, 339]",3,3,1.0,1.0,1.0,1.0,1.0,1.0
B0WSX1,760,[389],"[121, 165, 389, 431, 701]",1,5,0.997364953886693,0.3333333333333333,0.2,1.0,0.33333333333333337,0.44603361034195305
D4GU60,405,"[24, 201, 202]","[24, 51, 138, 201, 202, 218]",3,6,0.9983416252072969,0.8055555555555556,0.5,1.0,0.6666666666666666,0.7044633820976204
Q8SQZ6,579,"[175, 226, 449]","[316, 327, 334]",3,3,0.9803240740740741,0.17735042735042736,0.0,0.0,0.0,-0.005208333333333333
O53423,314,"[80, 119, 149, 244, 247]","[79, 80, 119, 149, 244, 247]",5,6,1.0,1.0,0.8333333333333334,1.0,0.9090909090909091,0.9113925947166912
Q9RDE9,431,"[29, 108, 153, 198, 200, 228, 276, 327, 356, 410]","[104, 198, 200, 228, 230, 253]",10,6,0.9503562945368171,0.41810460290324153,0.5,0.3,0.37499999999999994,0.37631535415575157
Q2G0P6,335,"[82, 115]",[157],2,1,0.9084084084084084,0.11694915254237288,0.0,0.0,0.0,-0.004240525192732336
G0L322,539,"[73, 144, 147, 152, 176, 271]","[147, 152, 420]",6,3,0.7914321450906817,0.4628745597382466,0.6666666666666666,0.3333333333333333,0.4444444444444444,0.46743756757742455
E9QBI7,478,"[296, 297, 300, 361]","[296, 297, 300, 361, 365, 408]",4,6,0.9994725738396625,0.95,0.6666666666666666,1.0,0.8,0.8147721934043075
Q4QEY9,686,"[428, 530]","[428, 466, 530]",2,3,0.9985380116959064,0.5833333333333333,0.6666666666666666,1.0,0.8,0.8158995083938162
P0DTF7,300,"[62, 64, 130, 182, 199, 245]","[62, 64, 182]",6,3,0.9393424036281179,0.6522366522366522,1.0,0.5,0.6666666666666666,0.7035264706814485
Q6S5G3,793,"[180, 294]","[180, 195]",2,2,0.9551201011378003,0.5136986301369864,0.5,0.5,0.5,0.49873577749683945
O61125,461,"[49, 139]","[49, 139]",2,2,1.0,1.0,1.0,1.0,1.0,1.0
A8GG78,444,"[356, 381, 415]",[415],3,1,0.9977324263038548,0.8333333333333333,1.0,0.3333333333333333,0.5,0.576045521150823
O27089,353,"[96, 186, 238]","[96, 186, 238]",3,3,1.0,1.0,1.0,1.0,1.0,1.0
Q4JB16,235,"[111, 131]",[],2,0,0.9635193133047211,0.14835164835164835,0.0,0.0,0.0,0.0
Q9Y898,518,"[109, 243]","[109, 243]",2,2,1.0,1.0,1.0,1.0,1.0,1.0
P11439,638,"[474, 578]",[465],2,1,0.970125786163522,0.07614942528735633,0.0,0.0,0.0,-0.0022218601708035813
P35484,336,"[51, 115, 203, 237, 304, 312]","[42, 47, 51, 237, 313]",6,5,0.8964646464646464,0.24530706221882695,0.4,0.3333333333333333,0.3636363636363636,0.35465283340738873
Q9VWP4,573,"[144, 168, 287, 344, 383, 388]","[144, 168, 287]",6,3,0.9870664315108759,0.6681547619047619,1.0,0.5,0.6666666666666666,0.7052435189724409
E7FHN9,334,"[229, 232, 235, 239, 306, 309, 312, 316]","[92, 133, 135, 229, 232, 235, 239, 242, 244, 266, 294, 306, 309, 312, 316]",8,15,1.0,1.0,0.5333333333333333,1.0,0.6956521739130436,0.7224135869382905
Q06702,301,"[115, 116, 162, 166, 203, 263]","[115, 116, 162, 166, 203, 263]",6,6,1.0,1.0,1.0,1.0,1.0,1.0
Q4P804,406,"[146, 148, 159]","[82, 146, 148, 156, 159]",3,5,1.0,1.0,0.6,1.0,0.7499999999999999,0.7726722024935305
Q09363,356,"[208, 294]","[206, 208, 265]",2,3,0.9872881355932203,0.5909090909090909,0.3333333333333333,0.5,0.4,0.4042066325109846
O87876,438,"[298, 337]","[8, 298, 337, 420]",2,4,1.0,1.0,0.5,1.0,0.6666666666666666,0.7054831124969249
O16129,453,"[164, 285, 310]","[164, 178, 285, 316]",3,4,0.9014814814814814,0.6740196078431372,0.5,0.6666666666666666,0.5714285714285715,0.5741395550354227
Q54EM5,566,[510],[510],1,1,1.0,1.0,1.0,1.0,1.0,1.0
Q04195,904,"[377, 379, 400, 403]","[377, 379, 400, 403]",4,4,1.0,1.0,1.0,1.0,1.0,1.0
Q12043,749,"[216, 375]","[216, 375]",2,2,1.0,1.0,1.0,1.0,1.0,1.0
B2A6B7,452,"[172, 192]",[192],2,1,1.0,1.0,1.0,0.5,0.6666666666666666,0.7063224140220167
P32747,443,"[126, 146, 234, 264, 267, 306, 358, 387]","[122, 264, 267, 306, 358]",8,5,0.9813218390804598,0.6316498316498316,0.8,0.5,0.6153846153846154,0.6273880008126895
Q03533,586,"[68, 180]","[68, 180]",2,2,1.0,1.0,1.0,1.0,1.0,1.0
P46843,458,"[57, 90, 163, 182, 188, 245, 265, 285, 292]","[56, 118, 124, 142, 145, 285, 379, 382]",9,8,0.9235337787676318,0.13642968146378207,0.125,0.1111111111111111,0.11764705882352941,0.10120259043257854
Q8EN08,262,"[71, 101, 135]",[101],3,1,0.7824967824967825,0.3950617283950617,1.0,0.3333333333333333,0.5,0.5751339451962351
O81755,404,"[104, 108, 109, 112, 114, 116, 118, 204, 234, 235, 287]","[108, 234, 321]",11,3,0.9514226231783484,0.5326279426032376,0.6666666666666666,0.18181818181818182,0.28571428571428575,0.3398413897448127
Q59QL0,514,[343],[343],1,1,1.0,1.0,1.0,1.0,1.0,1.0
P86074,35,"[7, 23]",[],2,0,0.9848484848484849,0.8333333333333333,0.0,0.0,0.0,0.0
Q23498,618,"[189, 191, 278, 318, 427, 461, 463]","[189, 191, 278, 282, 318, 319, 427, 461, 463]",7,9,1.0,1.0,0.7777777777777778,1.0,0.8750000000000001,0.8804725210580074
K2RU68,203,[77],[77],1,1,1.0,1.0,1.0,1.0,1.0,1.0
Q9WYP4,311,"[35, 37, 46, 117, 173]","[35, 37, 46, 117, 168, 173]",5,6,0.9973856209150327,0.81,0.8333333333333334,1.0,0.9090909090909091,0.9113780893715255
Q9VM90,456,"[130, 221]","[130, 221]",2,2,1.0,1.0,1.0,1.0,1.0,1.0
P11018,319,"[50, 87, 246]","[50, 87, 246]",3,3,1.0,1.0,1.0,1.0,1.0,1.0
Q9YFY8,409,"[9, 11, 50, 85, 86, 170, 199, 201]","[9, 11, 50, 85, 86, 170, 199, 201]",8,8,1.0,1.0,1.0,1.0,1.0,1.0
Q72E85,255,"[20, 23, 26, 30, 75, 78, 83, 87, 108, 111, 114, 118, 155, 158, 188, 192]","[20, 23, 26, 30, 75, 78, 83, 87, 108, 111, 114, 118, 158, 188, 192]",16,15,1.0,1.0,1.0,0.9375,0.967741935483871,0.9662265521087692
Q6DNF3,708,"[105, 439, 483]","[105, 483]",3,2,0.9985815602836879,0.8333333333333333,1.0,0.6666666666666666,0.8,0.815918120649002
I6Y2J4,437,"[309, 383, 413]","[309, 413]",3,2,1.0,1.0,1.0,0.6666666666666666,0.8,0.8155575391208509
M2ZIX7,309,[182],[182],1,1,1.0,1.0,1.0,1.0,1.0,1.0
P32823,820,[313],"[311, 313, 568, 619]",1,4,1.0,1.0,0.25,1.0,0.4,0.4990834089450871
Q621J7,709,"[41, 130]","[41, 130]",2,2,1.0,1.0,1.0,1.0,1.0,1.0
P22806,389,"[19, 131, 178, 351]","[131, 178, 203, 206, 360]",4,5,0.9896103896103895,0.5535714285714286,0.4,0.5,0.4444444444444445,0.4408168946762756
B2UP57,493,"[122, 151, 214, 227, 247, 278, 279, 288, 291, 345]","[122, 214, 227, 247, 278, 279, 288]",10,7,0.9962732919254659,0.9357142857142856,1.0,0.7,0.8235294117647058,0.8340737451482807
Q7VQW8,357,"[9, 11, 93, 95, 101, 103, 130]","[9, 11, 54, 93, 95, 101, 104, 105, 130, 178, 204, 230, 231, 234, 256, 277, 301, 324, 325, 328]",7,20,0.9779591836734693,0.3263736263736263,0.3,0.8571428571428571,0.4444444444444444,0.4926642882229315
Q21376,709,"[43, 44, 79, 308, 309]","[43, 44, 79, 217, 308]",5,5,0.9991477272727273,0.9028571428571428,0.8,0.8,0.8000000000000002,0.7985795454545455
O07566,441,"[151, 225, 242, 274, 282, 292, 379]",[222],7,1,0.9651086240947993,0.43803258145363405,0.0,0.0,0.0,-0.006054493496206035
Q54VC0,418,"[41, 139]","[41, 139]",2,2,1.0,1.0,1.0,1.0,1.0,1.0
Q5BD29,555,"[392, 488]","[392, 488]",2,2,1.0,1.0,1.0,1.0,1.0,1.0
Q9X1G3,565,"[254, 298, 300]",[331],3,1,0.9934756820877817,0.3472222222222222,0.0,0.0,0.0,-0.003076471651481113
Q6DRD3,336,"[71, 100, 102, 105, 189, 191, 257]","[189, 191]",7,2,0.864090316977855,0.4452872370491292,1.0,0.2857142857142857,0.4444444444444445,0.5305064804019862
P76190,271,"[169, 224, 236]","[169, 224]",3,2,1.0,1.0,1.0,0.6666666666666666,0.8,0.8149775162056276
A1A6H3,379,"[210, 255, 319, 321, 325, 355, 358, 360, 364]","[80, 321, 325]",9,3,0.9921921921921921,0.6638768638768638,0.6666666666666666,0.2222222222222222,0.3333333333333333,0.3771730992274282
B0TFA7,385,"[34, 102, 126, 200]","[102, 200]",4,2,0.8746719160104987,0.5222916666666667,1.0,0.5,0.6666666666666666,0.7052581328439672
Q9ZHY3,362,"[13, 30, 41, 52, 262]",[262],5,1,0.9893557422969187,0.6580952380952381,1.0,0.2,0.33333333333333337,0.4447290563005812
A0A3G5BB24,163,[83],[],1,0,0.9074074074074074,0.0625,0.0,0.0,0.0,0.0
Q0V9R3,834,"[354, 362, 363]","[354, 363]",3,2,0.9983955074207781,0.8095238095238095,1.0,0.6666666666666666,0.8,0.8160057503568124
P39671,542,"[17, 21, 112, 125, 276, 278, 280, 343, 375, 495]","[112, 276, 278, 280, 362, 363]",10,6,0.9911654135338346,0.7088403263403262,0.6666666666666666,0.4,0.5,0.5096320946341542
Q9X0L3,217,"[11, 77, 139, 183]","[11, 160, 183]",4,3,0.9953051643192489,0.6791666666666667,0.6666666666666666,0.5,0.5714285714285715,0.5705912921279264
P36163,345,"[203, 204, 207, 257]","[172, 203, 204, 207, 306]",4,5,0.9963343108504399,0.8611111111111112,0.6,0.75,0.6666666666666665,0.6665525533409661
Q60314,378,"[8, 11, 15, 43]","[8, 11, 15, 43]",4,4,1.0,1.0,1.0,1.0,1.0,1.0
Q4U3Y2,549,[110],"[245, 305]",1,2,0.5711678832116789,0.00423728813559322,0.0,0.0,0.0,-0.002583039547229725
A3CTK0,187,"[117, 127, 146, 159, 166, 170]","[33, 100]",6,2,0.9502762430939227,0.3261308909528724,0.0,0.0,0.0,-0.018930647615517535
Q5QHG6,495,"[259, 271, 303, 304, 332, 429, 430]","[259, 271, 303, 304, 332, 387, 429, 430]",7,8,0.9997072599531616,0.982142857142857,0.875,1.0,0.9333333333333333,0.9344554388589724
Q54IP4,653,"[201, 298]","[201, 298]",2,2,1.0,1.0,1.0,1.0,1.0,1.0
Q57688,417,[41],"[41, 310]",1,2,1.0,1.0,0.5,1.0,0.6666666666666666,0.7062563818636097
Q9R5V5,157,[98],"[72, 98]",1,2,1.0,1.0,0.5,1.0,0.6666666666666666,0.7048367696104338
Q04049,632,"[30, 155]","[30, 155]",2,2,1.0,1.0,1.0,1.0,1.0,1.0
Q9I4U2,847,[265],"[265, 287, 337]",1,3,0.9988179669030733,0.5,0.3333333333333333,1.0,0.5,0.5766674182479148
Q9S713,562,"[167, 279]","[167, 279]",2,2,1.0,1.0,1.0,1.0,1.0,1.0
Q2UPC5,306,[237],[237],1,1,1.0,1.0,1.0,1.0,1.0,1.0
Q22036,648,"[83, 252, 290]","[83, 252]",3,2,1.0,1.0,1.0,0.6666666666666666,0.8,0.8158643728724773
O80831,691,"[289, 329, 337, 422, 530, 535, 618, 654]",[329],8,1,0.8995241581259151,0.3975718253363583,1.0,0.125,0.2222222222222222,0.3517554321655474
Q8PU60,177,"[85, 88, 91, 95, 125, 128, 131, 135]","[85, 88, 91, 95, 125, 128, 131, 135]",8,8,1.0,1.0,1.0,1.0,1.0,1.0
P72173,398,"[36, 132, 185, 376]","[132, 185, 187, 216, 256, 376]",4,6,0.9955583756345178,0.6678571428571428,0.5,0.75,0.6,0.6076998042686479
Q93Z04,501,"[217, 241, 245, 297]","[217, 241, 245, 297]",4,4,1.0,1.0,1.0,1.0,1.0,1.0
Q75SP7,274,"[40, 108, 140]","[40, 108, 140]",3,3,1.0,1.0,1.0,1.0,1.0,1.0
Q9XG80,138,"[48, 50, 53, 72, 73]",[69],5,1,0.9233082706766917,0.4604761904761905,0.0,0.0,0.0,-0.016565284463619327
B5GRC8,343,"[114, 119, 206, 252, 256, 260]","[114, 115, 119, 252, 256, 260]",6,6,0.9990108803165183,0.9484126984126984,0.8333333333333334,0.8333333333333334,0.8333333333333334,0.8303659742828883
Q9AAA6,168,"[115, 141]","[115, 141]",2,2,1.0,1.0,1.0,1.0,1.0,1.0
P71011,448,"[129, 133, 136, 408, 414, 417]","[129, 133, 136, 344, 362, 403, 408, 414, 417, 433]",6,10,0.998868778280543,0.915079365079365,0.6,1.0,0.7499999999999999,0.7710837410726583
Q17426,577,[188],[188],1,1,1.0,1.0,1.0,1.0,1.0,1.0
F0X8C8,408,"[190, 209, 248, 275, 357]","[190, 209, 247, 357]",5,4,0.9915632754342432,0.7198412698412698,0.75,0.6,0.6666666666666665,0.6672188133539827
P27035,459,"[286, 378]","[286, 378]",2,2,1.0,1.0,1.0,1.0,1.0,1.0
P40601,645,"[34, 327, 330]","[34, 330]",3,2,0.9989615784008308,0.8666666666666667,1.0,0.6666666666666666,0.8,0.8158614220755288
I1BYM7,385,"[210, 233]","[210, 211, 233, 236]",2,4,1.0,1.0,0.5,1.0,0.6666666666666666,0.7052581328439672
P21637,459,"[338, 344, 377, 381]","[27, 338, 344, 377, 381]",4,5,1.0,1.0,0.8,1.0,0.888888888888889,0.8934437633347486
P32586,711,[630],[630],1,1,1.0,1.0,1.0,1.0,1.0,1.0
Q8MYY6,558,"[150, 186, 209, 210, 211, 312, 340, 343, 346]","[150, 186, 209, 211, 312, 340, 343]",9,7,0.9983808945557578,0.9390432098765433,1.0,0.7777777777777778,0.8750000000000001,0.8803150731125664
Q86TM3,631,"[244, 249, 311]",[376],3,1,0.7176220806794056,0.024651483781918563,0.0,0.0,0.0,-0.0027536613616697325
Q92111,524,[457],[457],1,1,1.0,1.0,1.0,1.0,1.0,1.0
Q8TZH9,254,"[68, 84, 86, 87, 171, 176, 195, 202]","[68, 69, 84, 89, 171, 202]",8,6,0.9888211382113821,0.7226190476190477,0.6666666666666666,0.5,0.5714285714285715,0.5656676527319912
Q55A00,406,"[136, 190, 194]","[136, 190]",3,2,1.0,1.0,1.0,0.6666666666666666,0.8,0.8154854392631207
Q8H215,68,"[18, 19, 48]",[48],3,1,0.9794871794871794,0.8095238095238095,1.0,0.3333333333333333,0.5,0.5686678156684396
Q02863,499,"[62, 407]","[62, 407]",2,2,1.0,1.0,1.0,1.0,1.0,1.0
O45797,908,"[531, 625]","[531, 625]",2,2,1.0,1.0,1.0,1.0,1.0,1.0
Q9VUY0,698,"[232, 265, 266, 347, 425, 427, 500]","[265, 266, 347, 425, 427]",7,5,0.9977258631383088,0.869130869130869,1.0,0.7142857142857143,0.8333333333333333,0.8439338147348139
P23382,687,"[266, 267, 270]","[196, 266, 267, 270, 276, 423, 482]",3,7,0.9980506822612086,0.8095238095238095,0.42857142857142855,1.0,0.6,0.6527366719491622
B2AM55,430,"[301, 311, 399]",[399],3,1,0.9617486338797814,0.52,1.0,0.3333333333333333,0.5,0.5760028921622979
P74297,574,"[65, 163]","[65, 163]",2,2,1.0,1.0,1.0,1.0,1.0,1.0
B6H6L7,399,"[57, 60, 170]","[57, 60, 170]",3,3,1.0,1.0,1.0,1.0,1.0,1.0
F1SY74,613,[526],[526],1,1,1.0,1.0,1.0,1.0,1.0,1.0
Q0WSX8,255,[83],[],1,0,1.0,1.0,0.0,0.0,0.0,0.0
Q86JJ0,312,"[85, 133, 138, 183]","[107, 133, 183, 299]",4,4,0.9943181818181818,0.75,0.5,0.5,0.5,0.4935064935064935
Q67SW0,517,"[14, 64, 125, 187, 193, 334, 401, 405, 442, 443, 461]","[14, 125, 401, 405, 442, 443, 461]",11,7,0.9974847287100251,0.9089566998657908,1.0,0.6363636363636364,0.7777777777777778,0.794589547514695
Q4FS72,431,"[173, 205, 256, 320, 346]","[173, 256, 320, 346]",5,4,1.0,1.0,1.0,0.8,0.888888888888889,0.8933792384537678
P43337,192,"[83, 87]","[83, 87]",2,2,1.0,1.0,1.0,1.0,1.0,1.0
Q9XTD6,384,"[164, 165, 168, 174]","[164, 165, 168, 174]",4,4,1.0,1.0,1.0,1.0,1.0,1.0
Q9VQN8,523,[253],[],1,0,0.7720306513409961,0.008333333333333333,0.0,0.0,0.0,0.0
O06335,552,"[48, 445]","[48, 445]",2,2,1.0,1.0,1.0,1.0,1.0,1.0
P9WNE5,181,"[22, 55, 58, 99, 132]","[22, 55, 58, 99, 132]",5,5,1.0,1.0,1.0,1.0,1.0,1.0
O32183,127,[2],[2],1,1,1.0,1.0,1.0,1.0,1.0,1.0
P75430,164,"[50, 55, 124, 125, 153, 154]",[154],6,1,0.8544303797468353,0.342074592074592,1.0,0.16666666666666666,0.2857142857142857,0.4019380452620016
Q84BQ9,254,"[107, 128, 149, 175, 191]","[107, 149]",5,2,0.9847389558232931,0.8416666666666666,1.0,0.4,0.5714285714285715,0.6286796443643576
Q9L9E9,288,"[103, 127, 131]","[103, 104, 127, 131, 153]",3,5,0.9953216374269006,0.7,0.6,1.0,0.7499999999999999,0.771874001171312
Q9LUS8,493,"[180, 181, 408, 471]","[180, 181, 408, 471]",4,4,1.0,1.0,1.0,1.0,1.0,1.0
Q04751,285,"[116, 185, 186, 228, 233]","[116, 183, 185, 186, 228, 233]",5,6,0.9978571428571429,0.8766666666666667,0.8333333333333334,1.0,0.9090909090909091,0.9112393444409338
Q8ZZP3,131,"[6, 100, 118]","[6, 99, 100, 118]",3,4,1.0,1.0,0.75,1.0,0.8571428571428571,0.8626358588651414
Q6B9Y8,889,"[125, 128, 143, 148, 225, 237, 239, 286, 387, 419, 423]","[225, 237, 239, 286, 387, 419, 423]",11,7,1.0,1.0,1.0,0.6363636363636364,0.7777777777777778,0.7959130816098159
Q5VZV1,264,"[92, 141, 172, 193]","[92, 141, 193]",4,3,0.9990384615384615,0.95,1.0,0.75,0.8571428571428571,0.864364759104401
P53720,384,"[88, 117, 160, 188]","[88, 117, 160, 188]",4,4,1.0,1.0,1.0,1.0,1.0,1.0
B6PLN3,105,[48],"[48, 72]",1,2,1.0,1.0,0.5,1.0,0.6666666666666666,0.7036990178281534
P91828,360,"[165, 166, 169, 175]","[165, 166, 169, 175]",4,4,1.0,1.0,1.0,1.0,1.0,1.0
Q24488,685,"[442, 539]","[442, 539]",2,2,1.0,1.0,1.0,1.0,1.0,1.0
F4JNL3,356,"[157, 294, 314]","[157, 294, 314]",3,3,1.0,1.0,1.0,1.0,1.0,1.0
P41734,238,"[12, 53, 83, 187, 190]","[12, 187, 190]",5,3,0.9802575107296136,0.7717948717948717,1.0,0.6,0.7499999999999999,0.7712934701015409
P30043,206,"[35, 132, 153, 154]",[],4,0,0.9678217821782178,0.3353386809269162,0.0,0.0,0.0,0.0
B1L6M8,590,"[90, 125, 278, 280, 283]","[280, 283]",5,2,0.9993162393162394,0.9266666666666665,1.0,0.4,0.5714285714285715,0.6308400618805605
Q936X2,605,"[91, 165, 189]","[91, 165, 189]",3,3,1.0,1.0,1.0,1.0,1.0,1.0
P96630,169,"[75, 76, 79]","[75, 76, 79, 103]",3,4,1.0,1.0,0.75,1.0,0.8571428571428571,0.8634129531752713
Q99558,947,"[429, 515]","[429, 515]",2,2,1.0,1.0,1.0,1.0,1.0,1.0
A6R104,205,[162],"[146, 162]",1,2,0.9950980392156863,0.5,0.5,1.0,0.6666666666666666,0.7053715472060403
Q7M0R2,274,"[133, 156, 198, 207]","[156, 198]",4,2,0.9601851851851853,0.5744206773618539,1.0,0.5,0.6666666666666666,0.7045023274707931
C1F1C7,325,"[172, 267]","[172, 267]",2,2,1.0,1.0,1.0,1.0,1.0,1.0
O28242,313,"[57, 121, 190, 226]",[121],4,1,0.9894822006472491,0.6708333333333333,1.0,0.25,0.4,0.49759034742060043
O42773,639,"[120, 122, 148, 180, 181, 229, 311]","[120, 122, 148, 180, 181, 229, 311]",7,7,1.0,0.9999999999999998,1.0,1.0,1.0,1.0
O94702,822,"[161, 173, 207, 208, 234, 306, 307]","[161, 173, 207, 208, 234, 282, 296, 306, 307]",7,9,0.999649430324277,0.9617346938775508,0.7777777777777778,1.0,0.8750000000000001,0.8808343321274419
Q3S8P9,359,"[32, 92, 155, 186, 227, 341]","[32, 117, 155, 186, 227, 341]",6,6,0.9957507082152974,0.7659090909090909,0.8333333333333334,0.8333333333333334,0.8333333333333334,0.8305004721435316
Q28CZ9,523,"[89, 112]","[89, 112, 402]",2,3,1.0,1.0,0.6666666666666666,1.0,0.8,0.8157126185953215
B7XHR6,595,"[96, 188]","[96, 188]",2,2,1.0,1.0,1.0,1.0,1.0,1.0
Q9C533,596,[193],[193],1,1,1.0,1.0,1.0,1.0,1.0,1.0
Q12303,508,"[81, 288]","[81, 288]",2,2,1.0,1.0,1.0,1.0,1.0,1.0
P21514,362,"[127, 141, 200, 232, 262, 286, 341]","[141, 200, 232, 262, 263, 283, 319, 339]",7,8,0.9706237424547284,0.38820861678004537,0.5,0.5714285714285714,0.5333333333333333,0.5247221703612447
A1B8Z0,320,"[67, 110, 159, 199, 226, 291]","[67, 110, 111]",6,3,0.9798301486199575,0.5501307189542484,0.6666666666666666,0.3333333333333333,0.4444444444444444,0.46468609489214047
P37349,472,"[9, 169, 430]","[9, 169, 430]",3,3,1.0,1.0,1.0,1.0,1.0,1.0
Q8T0S6,669,"[71, 161]","[71, 161]",2,2,1.0,1.0,1.0,1.0,1.0,1.0
Q9I5W4,923,"[696, 697, 700]","[696, 697, 700, 716]",3,4,0.9992753623188405,0.8055555555555556,0.75,1.0,0.8571428571428571,0.8655546098361996
Q9XSL6,776,"[170, 340, 341, 344, 350]","[170, 340, 341, 344, 350]",5,5,1.0,1.0,1.0,1.0,1.0,1.0
P54511,278,"[150, 165]","[85, 150, 165]",2,3,1.0,1.0,0.6666666666666666,1.0,0.8,0.8150160782030429
P77791,183,"[83, 113, 140, 158, 178, 181]",[113],6,1,0.9623352165725046,0.44246031746031744,1.0,0.16666666666666666,0.2857142857142857,0.40260143080708505
Q9LIG0,330,"[120, 122, 313]","[120, 122, 313]",3,3,1.0,1.0,1.0,1.0,1.0,1.0
A0A1U8QFC3,553,[493],[493],1,1,1.0,1.0,1.0,1.0,1.0,1.0
Q0V147,789,"[240, 251, 375, 416]","[223, 240, 251, 336, 343, 375, 416]",4,7,1.0,1.0,0.5714285714285714,1.0,0.7272727272727273,0.7544831131118062
Q55CS8,695,[639],[639],1,1,1.0,1.0,1.0,1.0,1.0,1.0
P23298,683,"[384, 479]","[384, 479]",2,2,1.0,1.0,1.0,1.0,1.0,1.0
Q96329,436,"[181, 207, 288, 324, 381, 385, 409, 428]",[313],8,1,0.8974883177570093,0.33498554469746883,0.0,0.0,0.0,-0.006555087308403838
O93939,498,"[218, 341]","[218, 300, 341]",2,3,1.0,1.0,0.6666666666666666,1.0,0.8,0.8156730844187279
Q23544,508,"[274, 404, 448]","[274, 404, 408, 448]",3,4,0.9986798679867986,0.8055555555555556,0.75,1.0,0.8571428571428571,0.8651675279881628
P55356,474,"[101, 242, 244, 246]","[101, 102, 242, 244, 246]",4,5,1.0,1.0,0.8,1.0,0.888888888888889,0.8934751660457192
Q9FK51,351,"[63, 66, 94, 133, 173, 184, 186, 188, 216, 219, 255, 310, 321]","[63, 66, 133, 184, 186, 216, 219]",13,7,0.9665452890304961,0.7758372112863945,1.0,0.5384615384615384,0.7000000000000001,0.727371822001554
Q54528,298,"[102, 248, 276]","[102, 219, 248, 276]",3,4,1.0,1.0,0.75,1.0,0.8571428571428571,0.8645563180722492
E7EZI4,430,[159],[159],1,1,1.0,1.0,1.0,1.0,1.0,1.0
Q8VIV2,233,[2],[2],1,1,1.0,1.0,1.0,1.0,1.0,1.0
O14156,383,"[92, 308, 347]","[92, 93, 308, 347]",3,4,1.0,1.0,0.75,1.0,0.8571428571428571,0.8648851460104247
P22216,821,"[227, 319]","[227, 319]",2,2,1.0,1.0,1.0,1.0,1.0,1.0
P04635,641,"[369, 535, 559, 599, 600, 602, 607, 610]","[369, 559, 600]",8,3,0.9407582938388626,0.563589275810003,1.0,0.375,0.5454545454545454,0.609968137304438
P39840,325,"[177, 230, 283]","[74, 101, 177, 230, 283]",3,5,0.9979296066252588,0.8666666666666667,0.6,1.0,0.7499999999999999,0.7721873425053443
Q54970,591,"[441, 468, 470]","[53, 441, 468]",3,3,0.9982993197278912,0.6388888888888888,0.6666666666666666,0.6666666666666666,0.6666666666666666,0.6649659863945578
Q9HKT1,262,"[72, 85, 137, 138, 145, 149, 163]","[72, 145]",7,2,0.9081232492997199,0.4875901875901876,1.0,0.2857142857142857,0.4444444444444445,0.5293578942641549
P15109,197,[130],[],1,0,0.9183673469387755,0.058823529411764705,0.0,0.0,0.0,0.0
Q5A3P6,947,"[269, 325, 364, 368, 382]","[269, 364]",5,2,0.9974522292993631,0.7547619047619047,1.0,0.4,0.5714285714285715,0.6314508363524105
Q9XB60,250,[131],[131],1,1,1.0,1.0,1.0,1.0,1.0,1.0
Q5FR18,303,"[89, 120, 195, 217, 222]","[89, 120, 195, 217, 222]",5,5,1.0,1.0,1.0,1.0,1.0,1.0
C7EXL6,666,[301],"[301, 355, 431]",1,3,0.9969924812030075,0.3333333333333333,0.3333333333333333,1.0,0.5,0.5764814195337687
A0A2P1BT06,707,[267],"[138, 139, 267, 364, 534, 700]",1,6,0.9929178470254958,0.16666666666666666,0.16666666666666666,1.0,0.2857142857142857,0.4068000833795178
Q54ME1,448,"[262, 397, 415]","[262, 397, 415]",3,3,1.0,1.0,1.0,1.0,1.0,1.0
P51599,313,"[202, 205, 273]","[155, 202, 204, 205, 273]",3,5,1.0,1.0,0.6,1.0,0.7499999999999999,0.7720939270957029
C4LK80,720,"[314, 439, 488, 684]","[488, 513, 516, 597]",4,4,0.9884776536312849,0.47823275862068965,0.25,0.25,0.25,0.24581005586592178
Q54QG0,769,"[53, 226, 509, 654]","[108, 110]",4,2,0.6754901960784314,0.10822595145340125,0.0,0.0,0.0,-0.0036924667558401554
A2PU44,601,[130],[526],1,1,0.9783333333333333,0.07142857142857142,0.0,0.0,0.0,-0.0016666666666666668
P53219,342,"[152, 319]","[152, 176, 319]",2,3,1.0,1.0,0.6666666666666666,1.0,0.8,0.8152949664709952
Q9ZQ31,411,"[157, 256]","[157, 256]",2,2,1.0,1.0,1.0,1.0,1.0,1.0
Q9C5S1,784,[235],[],1,0,1.0,1.0,0.0,0.0,0.0,0.0
Q17577,540,"[415, 430, 522]","[415, 430, 522]",3,3,1.0,1.0,1.0,1.0,1.0,1.0
P30269,976,"[243, 284, 293, 323, 327, 375, 447]","[243, 293, 323, 375, 447]",7,5,0.985109833407047,0.7658547289883695,1.0,0.7142857142857143,0.8333333333333333,0.8442834103398787
S0DS17,369,[303],[303],1,1,1.0,1.0,1.0,1.0,1.0,1.0
Q5WB95,207,[10],[10],1,1,1.0,1.0,1.0,1.0,1.0,1.0
Q4PHZ2,517,[319],"[319, 379, 427]",1,3,1.0,1.0,0.3333333333333333,1.0,0.5,0.5762302870114089
Q6LX63,566,"[66, 85, 88, 229, 355, 360, 441, 458, 460, 468, 528]","[66, 85, 87, 88, 198, 229, 355, 460]",11,8,0.9965601965601966,0.8563926269808622,0.75,0.5454545454545454,0.631578947368421,0.6336662459136754
Q9ZJ81,284,"[70, 167, 169, 177, 236]","[70, 169]",5,2,0.9928315412186379,0.731111111111111,1.0,0.4,0.5714285714285715,0.6290824118118896
Q8L493,373,"[128, 222, 255]",[],3,0,0.9981981981981982,0.8055555555555556,0.0,0.0,0.0,0.0
P95481,361,"[313, 321, 332]","[313, 332]",3,2,0.9972067039106146,0.8333333333333333,1.0,0.6666666666666666,0.8,0.8153586060458984
P23872,319,"[165, 262, 292]","[165, 262, 292]",3,3,1.0,1.0,1.0,1.0,1.0,1.0
Q4PSE8,447,"[69, 70, 231, 270]","[69, 70, 231, 270]",4,4,1.0,1.0,1.0,1.0,1.0,1.0
Q54PK9,908,"[300, 355, 394, 398, 412]","[300, 394]",5,2,0.9982281284606865,0.7592857142857143,1.0,0.4,0.5714285714285715,0.6314075519731623
Q8THG6,411,"[15, 19, 22]",[22],3,1,1.0,1.0,1.0,0.3333333333333333,0.5,0.5759403763178709
Q6AIT8,226,"[9, 59, 119, 146, 187, 208, 212]","[59, 119, 146, 187, 212]",7,5,1.0,1.0,1.0,0.7142857142857143,0.8333333333333333,0.8413213358607585
P21182,396,"[29, 32, 88, 102, 287, 301]",[],6,0,0.985897435897436,0.5849116161616161,0.0,0.0,0.0,0.0
O77081,380,"[100, 159, 184, 192, 196, 239, 284, 299]","[79, 159, 184]",8,3,0.9852150537634409,0.5542200854700854,0.6666666666666666,0.25,0.36363636363636365,0.4011714779360706
Q4WD45,574,"[394, 431, 433]","[271, 316, 392, 394, 431, 435]",3,6,0.997081144191477,0.7916666666666666,0.3333333333333333,0.6666666666666666,0.4444444444444444,0.467681260955336
P0A7A5,208,[59],"[59, 104]",1,2,0.9951690821256038,0.5,0.5,1.0,0.6666666666666666,0.7053967260079975
A5FZN7,223,"[16, 37, 41, 52, 118]","[16, 37, 41, 118]",5,4,1.0,1.0,1.0,0.8,0.888888888888889,0.8923827833186105
P12546,264,"[68, 126, 218]","[68, 126, 218]",3,3,1.0,1.0,1.0,1.0,1.0,1.0
A8BQJ3,754,"[336, 404, 407, 649, 720, 723]","[340, 407, 653, 723]",6,4,0.99777183600713,0.719047619047619,0.5,0.3333333333333333,0.4,0.4044332463370455
Q8NE63,616,"[40, 136]","[40, 136]",2,2,1.0,1.0,1.0,1.0,1.0,1.0
P33180,494,"[38, 53, 64, 224, 228, 256]","[38, 42, 53, 224, 228, 256]",6,6,0.9398907103825137,0.7777777777777778,0.8333333333333334,0.8333333333333334,0.8333333333333334,0.8312841530054644
Q9FM79,380,"[164, 198, 220, 221, 242, 298, 300]","[220, 221, 242, 298, 300]",7,5,1.0,0.9999999999999998,1.0,0.7142857142857143,0.8333333333333333,0.8428974970162092
P41654,334,"[11, 14, 41]","[11, 14, 41]",3,3,1.0,1.0,1.0,1.0,1.0,1.0
Q9HV27,393,"[180, 220, 221, 249, 281, 282]","[17, 18, 61, 113, 180, 221, 224, 281, 310]",6,9,0.987510766580534,0.5812594268476622,0.3333333333333333,0.5,0.4,0.39713169357449135
O34705,259,"[88, 206, 236]","[88, 206, 236]",3,3,1.0,1.0,1.0,1.0,1.0,1.0
Q02595,510,"[140, 230]","[140, 230]",2,2,1.0,1.0,1.0,1.0,1.0,1.0
O02002,323,"[154, 196]","[154, 196]",2,2,1.0,1.0,1.0,1.0,1.0,1.0
O25503,262,"[29, 83, 155]","[29, 101]",3,2,0.972972972972973,0.43434343434343436,0.5,0.3333333333333333,0.4,0.40274279906878807
P38838,269,"[115, 116, 119, 125]","[115, 116, 119, 125]",4,4,1.0,1.0,1.0,1.0,1.0,1.0
P84142,91,"[20, 38]","[20, 38]",2,2,1.0,1.0,1.0,1.0,1.0,1.0
Q0P9D4,590,"[351, 355, 397, 409, 433, 441, 458, 523, 526]",[409],9,1,0.9311531841652323,0.40348901342684385,1.0,0.1111111111111111,0.19999999999999998,0.33106187019042566
Q869L4,793,"[46, 138]","[46, 138]",2,2,1.0,1.0,1.0,1.0,1.0,1.0
Q2UPB4,334,"[93, 122, 294]",[294],3,1,0.998992950654582,0.9166666666666665,1.0,0.3333333333333333,0.5,0.5756138734701687
D3DFS4,334,[93],[],1,0,0.990990990990991,0.25,0.0,0.0,0.0,0.0
E4N7E5,320,"[75, 78, 79, 83, 171, 217, 221, 225]","[78, 171, 217, 221, 225]",8,5,0.9983974358974359,0.9472222222222222,1.0,0.625,0.7692307692307693,0.7867957924694431
Q7Z9M7,249,"[20, 108, 195]","[20, 184, 193]",3,3,0.994579945799458,0.7,0.3333333333333333,0.3333333333333333,0.3333333333333333,0.3252032520325203
Q2NL51,490,"[148, 244]","[148, 244]",2,2,1.0,1.0,1.0,1.0,1.0,1.0
P16854,540,"[191, 324, 442]","[191, 324, 442]",3,3,1.0,1.0,1.0,1.0,1.0,1.0
Q86KK2,149,"[28, 84, 97, 99]",[97],4,1,0.9724137931034483,0.5456730769230769,1.0,0.25,0.4,0.4949064885737834
P42790,587,"[295, 299, 502, 543, 544, 559, 561, 563]","[295, 299, 385, 502]",8,4,0.9721502590673575,0.6674454684149761,0.75,0.375,0.5,0.5260735234037849
O26901,690,[26],[367],1,1,0.9666182873730044,0.041666666666666664,0.0,0.0,0.0,-0.001451378809869376
A0A166YZU9,392,[353],[353],1,1,1.0,1.0,1.0,1.0,1.0,1.0
P27874,430,"[333, 346]","[25, 157, 333, 346]",2,4,1.0,1.0,0.5,1.0,0.6666666666666666,0.7054527279711017
Q06522,304,[109],"[109, 255, 289]",1,3,1.0,1.0,0.3333333333333333,1.0,0.5,0.5754416680353719
L0E155,667,"[48, 70, 79, 82, 108, 144, 168, 399, 412, 494, 597, 600, 613, 616]","[144, 399]",14,2,0.9784511047910742,0.6197735511639404,1.0,0.14285714285714285,0.25,0.3745387424587447
Q9VHV1,737,"[21, 26, 58, 113, 114]","[21, 23, 113, 114]",5,4,0.9942622950819673,0.7222222222222221,0.75,0.6,0.6666666666666665,0.6688363249230155
Q98KK0,383,"[201, 203, 344]","[201, 203, 344]",3,3,1.0,1.0,1.0,1.0,1.0,1.0
Q9Y7L4,409,"[86, 386, 389, 395]","[86, 209, 386, 389, 395]",4,5,1.0,1.0,0.8,1.0,0.888888888888889,0.893322277432968
P9WLL7,137,[67],[117],1,1,0.6176470588235294,0.018867924528301886,0.0,0.0,0.0,-0.007352941176470588
P33663,242,"[69, 103, 120]","[69, 85, 102, 103, 120]",3,5,1.0,1.0,0.6,1.0,0.7499999999999999,0.7713488701605181
Q9JJN0,694,"[13, 14, 61, 115, 116, 616, 619, 631, 635]","[13, 115]",9,2,0.9808596918085969,0.733287865870986,1.0,0.2222222222222222,0.3636363636363636,0.4690141890920628
Q9SJA1,672,"[64, 67, 75, 78, 84, 88, 97, 101, 183, 439]","[75, 97, 183, 439]",10,4,0.9959214501510574,0.7920921184079078,1.0,0.4,0.5714285714285715,0.6296087559975183
P0CD62,966,"[729, 825]","[729, 825]",2,2,1.0,1.0,1.0,1.0,1.0,1.0
Q01198,305,"[144, 157]","[144, 157, 161]",2,3,1.0,1.0,0.6666666666666666,1.0,0.8,0.8151481133172452
Q4WEE0,236,[131],[131],1,1,1.0,1.0,1.0,1.0,1.0,1.0
Q57749,294,"[116, 186, 228, 265]","[80, 82, 84, 85, 208, 210, 237, 265, 266]",4,9,0.7258620689655173,0.08663497927554514,0.1111111111111111,0.25,0.15384615384615383,0.14957087235160246
P34205,556,[333],[],1,0,0.9963963963963964,0.3333333333333333,0.0,0.0,0.0,0.0
O83859,366,[44],[44],1,1,1.0,1.0,1.0,1.0,1.0,1.0
Q54XL6,574,"[126, 221]","[126, 221]",2,2,1.0,1.0,1.0,1.0,1.0,1.0
D3KVM6,183,[113],[],1,0,0.9835164835164835,0.25,0.0,0.0,0.0,0.0
Q9ZI86,511,"[269, 330, 382]","[269, 330, 382]",3,3,1.0,1.0,1.0,1.0,1.0,1.0
Q9Z175,754,"[608, 610, 612]","[72, 137, 139, 399, 608, 610, 612]",3,7,0.9986684420772304,0.6388888888888888,0.42857142857142855,1.0,0.6,0.6529079244783912
S0DQ98,338,[227],[227],1,1,1.0,1.0,1.0,1.0,1.0,1.0
B0R9W6,257,"[44, 48, 52, 55, 57, 90, 92]","[44, 48, 52, 55, 90, 92, 180]",7,7,0.9982857142857143,0.947845804988662,0.8571428571428571,0.8571428571428571,0.8571428571428571,0.8531428571428571
O54571,239,"[75, 80, 142]","[98, 142, 168]",3,3,0.9731638418079096,0.2611111111111111,0.3333333333333333,0.3333333333333333,0.3333333333333333,0.3248587570621469
C0SPA0,718,"[406, 435, 525]","[219, 404, 406, 435, 525]",3,5,1.0,1.0,0.6,1.0,0.7499999999999999,0.7735125586063087
Q7UK67,227,"[124, 149]","[124, 149]",2,2,1.0,1.0,1.0,1.0,1.0,1.0
Q9HLE6,410,"[25, 115, 183, 293, 320, 321, 324, 365, 391]","[25, 115, 183, 186, 293, 320, 321, 324, 365]",9,9,0.9966749792186201,0.8126543209876544,0.8888888888888888,0.8888888888888888,0.8888888888888888,0.886395123302854
Q54CD6,697,[233],[373],1,1,0.9813218390804598,0.07142857142857142,0.0,0.0,0.0,-0.0014367816091954023
Q5B998,368,"[95, 119, 212, 227]","[95, 119, 212, 227]",4,4,1.0,1.0,1.0,1.0,1.0,1.0
O45686,393,"[140, 159, 318, 331]","[140, 156, 318]",4,3,0.9961439588688946,0.7291666666666666,0.6666666666666666,0.5,0.5714285714285715,0.5736450276587114
Q7XQZ6,445,"[40, 127, 166, 196, 234, 237, 312, 322, 325, 341, 363, 402, 406, 410, 414]","[40, 322, 363, 402]",15,4,0.9703875968992247,0.6324187053966355,1.0,0.26666666666666666,0.4210526315789474,0.509916774736794
Q54Y55,506,"[51, 147]","[51, 147]",2,2,1.0,1.0,1.0,1.0,1.0,1.0
Q54F47,495,[441],[441],1,1,1.0,1.0,1.0,1.0,1.0,1.0
Q1ZXC8,691,"[47, 137]","[47, 137]",2,2,1.0,1.0,1.0,1.0,1.0,1.0
Q8C2P3,475,"[79, 108, 147, 175]","[79, 108, 147, 175]",4,4,1.0,1.0,1.0,1.0,1.0,1.0
Q08548,619,"[146, 297, 382]","[344, 382]",3,2,0.961038961038961,0.37635135135135134,0.5,0.3333333333333333,0.4,0.4059307126680598
P0CU70,538,[472],[472],1,1,1.0,1.0,1.0,1.0,1.0,1.0
Q503I8,644,"[236, 239, 268, 271, 294, 321, 338]","[236, 239, 268, 271, 294, 296, 321]",7,7,0.999551468939224,0.9682539682539681,0.8571428571428571,0.8571428571428571,0.8571428571428571,0.8555729984301413
P25472,584,"[159, 264]","[159, 264]",2,2,1.0,1.0,1.0,1.0,1.0,1.0
J3K844,303,"[50, 70, 72, 118]","[50, 70, 84, 118]",4,4,0.9974916387959867,0.8041666666666667,0.75,0.75,0.75,0.7466555183946488
Q9FI61,192,[88],[88],1,1,1.0,1.0,1.0,1.0,1.0,1.0
P06279,549,"[139, 196, 218, 220, 231, 237, 238, 239, 268, 272, 298, 337, 339, 365, 440, 441, 464]","[268, 298, 365]",17,3,0.8258513931888545,0.42846096187063176,1.0,0.17647058823529413,0.3,0.41466335907271346
O16977,651,"[291, 292, 295, 301]","[291, 292, 295, 301]",4,4,1.0,1.0,1.0,1.0,1.0,1.0
Q9F3C7,314,"[194, 195, 208, 210, 272, 277]",[272],6,1,0.8614718614718615,0.536029977551812,1.0,0.16666666666666666,0.2857142857142857,0.40497439406819935
C0QRQ2,403,"[150, 273]","[148, 150, 246]",2,3,0.9763092269326683,0.3,0.3333333333333333,0.5,0.4,0.4046808929315874
Q3E989,512,"[302, 324, 325, 346, 415, 417]","[324, 325, 346, 417]",6,4,0.9993412384716733,0.9583333333333334,1.0,0.6666666666666666,0.8,0.814887719106538
C0LGK4,915,"[555, 657]",[555],2,1,0.9994523548740416,0.8333333333333333,1.0,0.5,0.6666666666666666,0.7067198554223166
P41963,199,"[89, 91, 106, 114, 123, 126, 163]","[89, 91, 106, 114, 123, 126, 163, 189]",7,8,1.0,0.9999999999999998,0.875,1.0,0.9333333333333333,0.9329751917030449
Q7ZVS8,743,"[121, 152, 171, 239, 279]","[152, 239, 279]",5,3,1.0,1.0,1.0,0.6,0.7499999999999999,0.7735492087633329
Q7Z5A4,293,"[120, 166, 267]","[120, 166, 267]",3,3,1.0,1.0,1.0,1.0,1.0,1.0
Q74CU0,880,"[500, 502, 579, 632, 661]","[11, 13, 72, 98, 99, 500, 502]",5,7,0.9805714285714285,0.19998677248677246,0.2857142857142857,0.4,0.3333333333333333,0.33361373997247484
O29867,868,"[47, 81, 154, 161, 162, 163, 360, 426, 618]","[47, 154, 161, 162, 163, 360, 426, 618]",9,8,0.9987065062734445,0.9415204678362574,1.0,0.8888888888888888,0.9411764705882353,0.9422607373533202
Q1ECV4,771,"[390, 392]","[390, 392, 512]",2,3,1.0,1.0,0.6666666666666666,1.0,0.8,0.8159655261847626
Q9S850,393,"[98, 202, 207]","[98, 202, 207]",3,3,1.0,1.0,1.0,1.0,1.0,1.0
Q9FXG2,463,"[153, 239, 376]","[273, 380, 387, 398]",3,4,0.9289855072463769,0.07640334762196366,0.0,0.0,0.0,-0.007538854550531677
Q796K8,704,[415],[415],1,1,1.0,1.0,1.0,1.0,1.0,1.0
O57712,389,"[233, 238, 260, 277, 304, 327]","[233, 238, 260, 277, 304, 327]",6,6,1.0,1.0,1.0,1.0,1.0,1.0
B0G0Y8,466,"[213, 217, 253, 254, 364]","[213, 217, 253, 254, 257, 364]",5,6,1.0,1.0,0.8333333333333334,1.0,0.9090909090909091,0.9118802930406293
Q9K8X1,427,"[62, 64, 141, 194, 225]","[62, 64, 137, 187]",5,4,0.9834123222748816,0.5876190476190477,0.5,0.4,0.4444444444444445,0.4413921891430373
E6R427,286,"[133, 138, 141, 181]","[133, 138, 141, 181]",4,4,1.0,1.0,1.0,1.0,1.0,1.0
Q54TH6,597,"[361, 454]","[361, 454]",2,2,1.0,1.0,1.0,1.0,1.0,1.0
Q84MA1,599,"[328, 355, 465, 516]","[328, 333, 355, 465, 468, 516]",4,6,1.0,1.0,0.6666666666666666,1.0,0.8,0.8151231626620135
P45951,536,"[282, 313, 389, 429, 431, 501, 526, 527]","[284, 313, 429, 431, 501, 527]",8,6,0.9992897727272727,0.9526289682539684,0.8333333333333334,0.625,0.7142857142857143,0.7181420716457557
E5A7D6,551,[495],[495],1,1,1.0,1.0,1.0,1.0,1.0,1.0
Q20085,468,"[135, 224, 229, 242]","[135, 224]",4,2,1.0,1.0,1.0,0.5,0.6666666666666666,0.7055877530493418
Q9YDW0,471,"[112, 166, 310]","[87, 112, 166, 257]",3,4,0.9978632478632479,0.8333333333333333,0.5,0.6666666666666666,0.5714285714285715,0.5742631630364068
Q7RX33,876,"[88, 119, 125, 146, 202, 242, 413, 506, 510]","[88, 119, 125, 146, 202, 242, 410, 413, 506, 510, 826]",9,11,0.9982058182750224,0.7715087381754049,0.8181818181818182,1.0,0.9,0.9034901395208401
Q9N2V9,760,"[502, 506, 542, 543, 656]","[502, 506, 542, 543, 546, 656, 659]",5,7,0.9994701986754967,0.9428571428571428,0.7142857142857143,1.0,0.8333333333333333,0.844034102805214
A5JTM5,269,"[24, 90, 114, 145, 257]",[],5,0,0.9212121212121213,0.34336075205640426,0.0,0.0,0.0,0.0
P83179,140,[70],"[7, 96, 138]",1,3,0.8992805755395683,0.06666666666666667,0.0,0.0,0.0,-0.01255142235024505
Q8C015,719,"[478, 568]","[478, 568]",2,2,1.0,1.0,1.0,1.0,1.0,1.0
Q06584,689,"[656, 681, 685]","[656, 657, 681, 685]",3,4,0.999514091350826,0.9166666666666665,0.75,1.0,0.8571428571428571,0.8653939597312652
Q9RV39,434,"[33, 35, 96, 177]","[35, 138, 223, 230, 256, 257, 278, 310, 342]",4,9,0.9674418604651163,0.23370098039215687,0.1111111111111111,0.25,0.15384615384615383,0.15516834529721885
Q7M438,223,"[63, 113, 117]","[63, 112, 113, 117]",3,4,1.0,1.0,0.75,1.0,0.8571428571428571,0.8640549224967756
P28321,313,"[123, 251, 281]","[123, 251, 281]",3,3,1.0,1.0,1.0,1.0,1.0,1.0
Q83GI1,293,"[117, 218]","[25, 27, 117, 218]",2,4,1.0,1.0,0.5,1.0,0.6666666666666666,0.7046726714462265
O22827,198,[123],"[107, 123]",1,2,0.9949238578680203,0.5,0.5,1.0,0.6666666666666666,0.7053098106038297
Q8NB12,490,"[52, 55, 65, 68, 74, 78, 86, 90, 135, 208, 274, 276, 279]","[52, 55, 65, 68, 74, 78, 86, 90, 208, 274, 276, 279]",13,12,0.9785518464763747,0.9299262381454163,1.0,0.9230769230769231,0.9600000000000001,0.9597634082454319
Q6ZQ88,853,"[290, 309, 311, 317, 802]","[317, 591, 802]",5,3,0.9983490566037737,0.7416666666666667,0.6666666666666666,0.4,0.5,0.5142692879036693
P53314,239,"[39, 41, 150, 152, 155]","[39, 41, 150, 152, 155]",5,5,1.0,1.0,1.0,1.0,1.0,1.0
Q03161,297,"[57, 81, 86, 159, 203, 264]","[57, 81, 82, 86, 159, 203, 264]",6,7,0.997709049255441,0.8734126984126983,0.8571428571428571,1.0,0.923076923076923,0.924227974605135
P47473,721,"[159, 176, 183, 204, 213, 384, 386, 388, 413, 694, 695, 716, 719]","[159, 176, 183, 204, 363, 384, 386, 388, 413, 694, 695]",13,11,0.9980443285528031,0.8975705361156867,0.9090909090909091,0.7692307692307693,0.8333333333333333,0.8335300652936867
Q8W583,190,[66],[66],1,1,1.0,1.0,1.0,1.0,1.0,1.0
Q7MUW6,732,"[603, 678, 710]","[603, 678, 710]",3,3,1.0,1.0,1.0,1.0,1.0,1.0
Q83WC3,277,"[171, 172]","[73, 95, 100, 140, 141, 144, 145]",2,7,0.730909090909091,0.027936507936507936,0.0,0.0,0.0,-0.013731430681184993
P10478,837,"[645, 754]","[172, 230, 260, 302, 304, 415, 645, 754]",2,8,0.997005988023952,0.6428571428571428,0.25,1.0,0.4,0.4982003540889661
Q8RV79,351,"[163, 184, 192, 250]","[163, 192]",4,2,0.9978386167146974,0.8541666666666666,1.0,0.5,0.6666666666666666,0.7050777761971413
Q99396,572,"[274, 317]","[274, 317]",2,2,1.0,1.0,1.0,1.0,1.0,1.0
Q8SV03,411,"[66, 68]","[66, 68, 174]",2,3,1.0,1.0,0.6666666666666666,1.0,0.8,0.8154978079778179
Q9YD20,163,"[66, 69, 96, 99]","[66, 69, 96, 99]",4,4,1.0,1.0,1.0,1.0,1.0,1.0
P25524,427,"[62, 64, 157, 215, 218, 247, 314, 320]","[62, 64, 215, 218, 247, 314]",8,6,0.9585322195704058,0.8818027210884354,1.0,0.75,0.8571428571428571,0.8639658874237044
H2VFI5,377,[212],"[100, 122, 284]",1,3,0.061170212765957466,0.002824858757062147,0.0,0.0,0.0,-0.004618818576012249
O59923,519,"[348, 356, 359, 380, 383, 472]","[348, 356, 359, 380, 383, 472]",6,6,1.0,1.0,1.0,1.0,1.0,1.0
O13924,488,"[184, 305]","[184, 305]",2,2,1.0,1.0,1.0,1.0,1.0,1.0
Q6QWR1,621,"[454, 456, 553, 596]",[553],4,1,0.9696110210696921,0.4890648567119155,1.0,0.25,0.4,0.4987888557101543
P04390,245,"[45, 74, 90, 92]","[45, 74]",4,2,0.9989626556016598,0.95,1.0,0.5,0.6666666666666666,0.7041908645122794
Q10056,589,"[343, 434]","[343, 434]",2,2,1.0,1.0,1.0,1.0,1.0,1.0
O67766,126,"[76, 78, 97]","[76, 86, 97]",3,3,0.994579945799458,0.8666666666666667,0.6666666666666666,0.6666666666666666,0.6666666666666666,0.6585365853658537
P95442,481,"[74, 76, 245, 331]","[74, 76, 245, 280, 331]",4,5,1.0,1.0,0.8,1.0,0.888888888888889,0.8934891443957447
P22320,488,"[62, 65, 458, 461]","[62, 65, 391, 458, 461]",4,5,1.0,1.0,0.8,1.0,0.888888888888889,0.8935027182040446
A9A1T2,457,"[148, 190]","[110, 148, 152, 190, 406]",2,5,1.0,1.0,0.4,1.0,0.5714285714285715,0.630367065575794
Q8T2I5,480,"[25, 114, 116]","[25, 116]",3,2,0.9965059399021664,0.7916666666666666,1.0,0.6666666666666666,0.8,0.8156420578459627
A1JHZ3,331,"[12, 104, 129, 156, 164, 213, 224, 245]","[13, 129]",8,2,0.9133126934984521,0.3939418502253025,0.5,0.125,0.2,0.2415746462881957
I6Y778,454,"[244, 354, 360, 364, 395]","[347, 360]",5,2,0.9616926503340757,0.4091674091674092,0.5,0.2,0.28571428571428575,0.3116668288921756
A2BJB7,411,"[50, 89, 99, 110]","[50, 99]",4,2,1.0,1.0,1.0,0.5,0.6666666666666666,0.7053757950376089
Q04458,532,"[236, 273]","[139, 236, 273]",2,3,0.999056603773585,0.8333333333333333,0.6666666666666666,1.0,0.8,0.815725937451695
Q58DB6,537,"[273, 275, 501]","[273, 275, 501]",3,3,1.0,1.0,1.0,1.0,1.0,1.0
Q51507,101,"[14, 31, 42, 90]","[14, 31, 42, 90]",4,4,1.0,1.0,1.0,1.0,1.0,1.0
I1S2J5,505,[450],[450],1,1,1.0,1.0,1.0,1.0,1.0,1.0
F9US27,490,"[165, 187, 233, 289]","[165, 188, 233, 289]",4,4,0.9038065843621399,0.6094576719576719,0.75,0.75,0.75,0.7479423868312757
Q8L7S3,809,"[536, 586, 704, 732]","[85, 94, 100, 104, 536, 565, 586, 704, 732, 802]",4,10,0.9990683229813664,0.8541666666666666,0.4,1.0,0.5714285714285715,0.630094146568886
P30899,321,[83],"[83, 86, 147]",1,3,1.0,1.0,0.3333333333333333,1.0,0.5,0.5755432216610669
P21338,268,"[78, 152, 156]","[78, 156]",3,2,1.0,1.0,1.0,0.6666666666666666,0.8,0.8149603677495649
P80874,331,"[52, 57, 84, 175, 214, 227, 286]","[57, 175, 203]",7,3,0.9850088183421517,0.6316207184628237,0.6666666666666666,0.2857142857142857,0.4,0.4290806750393264
G5EFL0,845,"[139, 141]","[139, 141]",2,2,1.0,1.0,1.0,1.0,1.0,1.0
P9WLH5,364,"[8, 49, 73, 123, 172, 246]","[8, 49, 73, 123, 172, 218, 246, 313]",6,8,0.9972067039106145,0.7999999999999999,0.75,1.0,0.8571428571428571,0.8636029503573514
B9WCV6,930,"[177, 189, 222, 223, 248, 319, 320]","[177, 189, 222, 223, 248, 296, 319, 320]",7,8,1.0,1.0,0.875,1.0,0.9333333333333333,0.9349074843714188
H1AAP2,219,"[44, 97, 100]","[44, 97, 100]",3,3,1.0,1.0,1.0,1.0,1.0,1.0
Q09109,749,"[232, 252, 260, 280]","[252, 260, 280, 482, 595]",4,5,0.9973154362416108,0.525,0.6,0.75,0.6666666666666665,0.6688683020695919
O58832,342,"[59, 163, 287]","[59, 79, 163, 184, 287]",3,5,0.9980334316617502,0.8055555555555556,0.6,1.0,0.7499999999999999,0.7723083432095955
Q12608,517,[461],[461],1,1,1.0,1.0,1.0,1.0,1.0,1.0
Q7M826,319,"[51, 56, 59, 71, 148, 151, 154, 158, 204, 207, 210, 214]","[51, 56, 59, 71, 148, 151, 154, 158, 204, 207, 210, 214]",12,12,1.0,1.0,1.0,1.0,1.0,1.0
O74426,338,"[59, 151]","[59, 151]",2,2,1.0,1.0,1.0,1.0,1.0,1.0
Q5NAI7,512,"[38, 46, 476]","[38, 46, 241, 476]",3,4,1.0,1.0,0.75,1.0,0.8571428571428571,0.8651742729608413
P80909,79,"[13, 16, 19, 23, 49, 52, 55, 59]","[13, 16, 19, 23, 49, 52, 55, 59]",8,8,1.0,1.0,1.0,1.0,1.0,1.0
P0C218,761,"[48, 53]",[341],2,1,0.7687747035573123,0.06539017341040462,0.0,0.0,0.0,-0.0018620327436868072
Q9KL03,173,"[33, 41, 75, 84]","[127, 134]",4,2,0.8683431952662722,0.10873015873015872,0.0,0.0,0.0,-0.016638094474950006
P85999,51,"[30, 31]",[30],2,1,0.9795918367346939,0.75,1.0,0.5,0.6666666666666666,0.7
F4I107,388,"[187, 283, 349]","[57, 187, 283, 349]",3,4,0.9991341991341991,0.9166666666666665,0.75,1.0,0.8571428571428571,0.8648999641877366
Q9Y899,404,"[47, 141]","[47, 141]",2,2,1.0,1.0,1.0,1.0,1.0,1.0
O35000,242,"[67, 136, 138, 143]",[138],4,1,0.9863445378151261,0.6964285714285714,1.0,0.25,0.4,0.4968782213027446
Q11010,857,"[130, 298, 299, 302, 321, 386]","[130, 298, 299, 302, 321]",6,5,0.9994124559341951,0.9444444444444444,1.0,0.8333333333333334,0.9090909090909091,0.9123350495111486
Q7Z5W3,292,"[46, 76, 110, 164]","[74, 110]",4,2,0.9861111111111112,0.5666666666666667,0.5,0.25,0.3333333333333333,0.3474386298795329
Q9ZGH1,485,"[141, 145, 148]","[141, 145, 148]",3,3,1.0,1.0,1.0,1.0,1.0,1.0
P42778,408,"[250, 316, 340, 345, 376, 378]","[250, 316, 340, 345, 376, 378]",6,6,1.0,1.0,1.0,1.0,1.0,1.0
Q58826,359,"[59, 63, 66]","[59, 63, 66]",3,3,1.0,1.0,1.0,1.0,1.0,1.0
Q10039,742,"[309, 360, 593]","[362, 586]",3,2,0.9801533603969328,0.16666666666666666,0.0,0.0,0.0,-0.0033123601118077634
B2V8P5,206,"[40, 69, 70, 185]","[41, 53, 68, 69, 185]",4,5,0.9257425742574258,0.46818181818181814,0.4,0.5,0.4444444444444445,0.43500811203253625
Q9NGP6,410,"[12, 121, 122, 148, 151, 266]","[121, 122, 151, 266]",6,4,0.9859735973597359,0.7718360071301248,1.0,0.6666666666666666,0.8,0.8144830227924197
P85142,62,[48],[48],1,1,1.0,1.0,1.0,1.0,1.0,1.0
P0DOV3,210,"[67, 70, 71, 88, 91, 92, 140, 143, 144, 152, 155, 156, 186, 189, 190, 205, 208, 209]","[56, 59, 67, 70, 71, 88, 91, 92, 132, 135, 140, 143, 144, 152, 155, 156, 183, 186, 189, 190, 205, 208, 209]",18,23,0.9852430555555556,0.7850243919925799,0.782608695652174,1.0,0.878048780487805,0.8730568485898069
Q27895,628,[236],"[73, 188, 236, 282]",1,4,0.9984051036682615,0.5,0.25,1.0,0.4,0.498802393489843
P76290,247,"[39, 132, 199]",[89],3,1,0.8743169398907105,0.08864468864468864,0.0,0.0,0.0,-0.007069654022425799
Q9SR40,567,"[81, 83, 126, 128, 468, 471, 473, 530, 531, 532, 536]","[81, 83, 126, 128, 468, 471, 473, 530, 531, 532, 536]",11,11,1.0,1.0,1.0,1.0,1.0,1.0
Q9Z2D7,554,[534],"[94, 534]",1,2,1.0,1.0,0.5,1.0,0.6666666666666666,0.7064671548401898
Q6CH28,545,"[120, 323, 325]","[120, 323, 325]",3,3,1.0,1.0,1.0,1.0,1.0,1.0
P39153,346,"[40, 63, 67, 72, 123, 127, 147, 149, 157, 187, 201, 240]",[201],12,1,0.9328842315369261,0.5835665218619763,1.0,0.08333333333333333,0.15384615384615385,0.284035787362113
O16881,388,[188],"[175, 188]",1,2,1.0,1.0,0.5,1.0,0.6666666666666666,0.7061926156056273
Q9V6K3,724,"[475, 580]","[475, 580]",2,2,1.0,1.0,1.0,1.0,1.0,1.0
Q8VHL1,366,"[245, 317, 335, 356]",[335],4,1,0.8756906077348067,0.335536093418259,1.0,0.25,0.4,0.4979409658578535
B8D1G6,347,[150],"[103, 150, 182]",1,3,1.0,1.0,0.3333333333333333,1.0,0.5,0.5756792084657307
Q5YQZ6,552,"[91, 156, 195, 236, 427, 429]","[156, 236, 247, 427, 429, 505]",6,6,0.996031746031746,0.8445378151260503,0.6666666666666666,0.6666666666666666,0.6666666666666666,0.663003663003663
P32138,678,"[288, 405, 408, 472, 537]","[405, 408, 455, 472, 504]",5,5,0.9943536404160476,0.730952380952381,0.6,0.6,0.6,0.5970282317979198
Q00983,260,[63],"[63, 66, 111, 201]",1,4,1.0,1.0,0.25,1.0,0.4,0.49709581280096005
Q55EC7,960,"[48, 140]","[48, 140]",2,2,1.0,1.0,1.0,1.0,1.0,1.0
O59179,441,"[97, 138]",[97],2,1,1.0,1.0,1.0,0.5,0.6666666666666666,0.706302793682452
E9QCD3,513,[194],[194],1,1,1.0,1.0,1.0,1.0,1.0,1.0
Q9YFM7,308,"[90, 92, 160, 190, 243, 272]","[63, 90, 119, 127, 160]",6,5,0.9751655629139073,0.3585956312349501,0.4,0.3333333333333333,0.3636363636363636,0.3536813852852067
Q4WR17,580,[497],[497],1,1,1.0,1.0,1.0,1.0,1.0,1.0
Q4WQI1,775,"[64, 419]","[64, 419]",2,2,1.0,1.0,1.0,1.0,1.0,1.0
Q86AT8,638,"[378, 472]","[378, 472]",2,2,1.0,1.0,1.0,1.0,1.0,1.0
P27574,550,[470],[470],1,1,1.0,1.0,1.0,1.0,1.0,1.0
P45436,508,"[317, 360]","[317, 360]",2,2,1.0,1.0,1.0,1.0,1.0,1.0
Q6AHF2,389,"[70, 139, 205, 303]","[63, 205]",4,2,0.9512987012987012,0.4598343685300207,0.5,0.25,0.3333333333333333,0.34897485455119903
I6WU39,101,"[5, 31, 34, 37, 72, 75]","[5, 78]",6,2,0.8105263157894738,0.32244729907773384,0.5,0.16666666666666666,0.25,0.2649231947785387
O31857,221,"[11, 14, 125]","[11, 13, 14, 125]",3,4,0.9984709480122325,0.9166666666666665,0.75,1.0,0.8571428571428571,0.8640368238839841
Q6GLK2,222,"[148, 172]",[139],2,1,0.8045454545454546,0.17829457364341084,0.0,0.0,0.0,-0.00641368343878791
Q5ZX15,350,"[45, 66, 144, 205, 226, 231, 248, 251]","[67, 226, 248]",8,3,0.9773391812865497,0.5898351648351648,0.6666666666666666,0.25,0.36363636363636365,0.40055603981292115
P39074,297,"[42, 94, 213, 216, 218, 273]","[42, 68, 94, 216, 271, 273]",6,6,0.995418098510882,0.7884920634920635,0.6666666666666666,0.6666666666666666,0.6666666666666666,0.6597938144329897
Q9STK6,516,"[152, 169]",[150],2,1,0.9980544747081712,0.5833333333333333,0.0,0.0,0.0,-0.0027487157049283194
Q74NA6,392,"[45, 48, 55, 57, 106, 129, 148, 157]","[45, 57]",8,2,0.9931640625,0.8391690009337067,1.0,0.25,0.4,0.49613893835683387
Q55CE0,677,"[428, 519]","[428, 519]",2,2,1.0,1.0,1.0,1.0,1.0,1.0
Q92383,228,"[150, 170]","[150, 170]",2,2,1.0,1.0,1.0,1.0,1.0,1.0
P13502,92,"[55, 58, 75, 78]","[55, 58, 75, 78]",4,4,1.0,1.0,1.0,1.0,1.0,1.0
Q87P32,387,[359],[],1,0,0.9740932642487047,0.09090909090909091,0.0,0.0,0.0,0.0
Q9PF20,262,"[8, 9, 40, 92]","[8, 9]",4,2,0.9941860465116279,0.7986111111111112,1.0,0.5,0.6666666666666666,0.7043818894277777
Q08968,688,"[156, 220, 227, 338, 339, 348]","[156, 220, 227, 338, 339, 348, 368, 686]",6,8,0.998533724340176,0.8551587301587301,0.75,1.0,0.8571428571428571,0.8647546394846714
Q8PYS1,295,"[51, 54, 83, 90, 94, 99, 100, 174, 175, 212]","[51, 54, 83, 90, 94, 99, 100, 174, 212]",10,9,1.0,0.9999999999999999,1.0,0.9,0.9473684210526316,0.947023308505734
Q9ZPY1,198,"[42, 66]",[],2,0,0.9821428571428571,0.375,0.0,0.0,0.0,0.0
Q6AUC6,513,"[76, 79, 309, 316, 320, 350, 354, 403, 406]","[76, 79, 348]",9,3,0.9642857142857142,0.47775271856847884,0.6666666666666666,0.2222222222222222,0.3333333333333333,0.3792130285319893
Q7LKZ6,669,[400],"[400, 504, 625]",1,3,1.0,1.0,0.3333333333333333,1.0,0.5,0.5764853244804393
Q9N0F3,518,"[345, 352, 453]","[352, 405, 453]",3,3,0.9236245954692557,0.3972922502334267,0.6666666666666666,0.6666666666666666,0.6666666666666666,0.6647249190938511
P14529,326,[151],[151],1,1,1.0,1.0,1.0,1.0,1.0,1.0
P06652,596,[480],[480],1,1,1.0,1.0,1.0,1.0,1.0,1.0
Q01490,203,[147],[],1,0,0.8267326732673268,0.027777777777777776,0.0,0.0,0.0,0.0
A0A0K0JFP3,572,"[185, 239, 263, 266, 297, 331, 483]","[116, 239]",7,2,0.9853350189633375,0.431068931068931,0.5,0.14285714285714285,0.22222222222222224,0.26278981510948596
Q9ACU1,564,"[329, 334, 346, 377, 378, 380, 497, 515]","[82, 86, 196, 199, 203, 329, 334, 377, 380, 497, 515]",8,11,0.9743705035971223,0.4565671400074229,0.5454545454545454,0.75,0.631578947368421,0.6336448442376861
P38694,644,"[248, 354, 389]","[354, 389]",3,2,1.0,1.0,1.0,0.6666666666666666,0.8,0.8158604323458133
P86226,221,"[1, 5]",[],2,0,0.8150684931506849,0.0349969567863664,0.0,0.0,0.0,0.0
P69816,106,[10],[10],1,1,1.0,1.0,1.0,1.0,1.0,1.0
Q03942,479,[324],[324],1,1,1.0,1.0,1.0,1.0,1.0,1.0
Q86AH1,640,"[460, 554, 594]","[440, 442, 460, 476, 554, 594]",3,6,1.0,1.0,0.5,1.0,0.6666666666666666,0.705439729481496
Q0E2Y1,551,"[254, 255, 312, 340, 378, 394, 413, 417, 419]",[],9,0,0.8942189421894219,0.1283659738568513,0.0,0.0,0.0,0.0
Q97VT7,314,"[22, 24, 137, 170, 199, 256]","[22, 24, 137, 170, 199, 222, 223, 256]",6,8,0.9989177489177489,0.9484126984126984,0.75,1.0,0.8571428571428571,0.8632090535495269
Q98RC3,157,"[50, 52, 65, 67, 83]","[52, 67]",5,2,0.9828947368421053,0.8188235294117647,1.0,0.4,0.5714285714285715,0.6263050890070502
Q8K009,923,"[128, 164, 694, 728]","[31, 128, 160, 164, 694, 728]",4,6,1.0,1.0,0.6666666666666666,1.0,0.8,0.8156076350126303
Q338P6,329,"[163, 299]","[163, 177, 227, 299]",2,4,0.9969418960244648,0.75,0.5,1.0,0.6666666666666666,0.7049410585463616
P11928,367,"[64, 76, 78, 149, 211, 214, 231]","[64, 76, 78, 149, 214]",7,5,0.9968253968253967,0.8983516483516483,1.0,0.7142857142857143,0.8333333333333333,0.8428163408314611
P22751,749,"[538, 562, 563, 566, 595]","[131, 538, 562, 563, 566, 599]",5,6,0.992741935483871,0.83125,0.6666666666666666,0.8,0.7272727272727272,0.7283324245282563
Q8MYF1,456,"[157, 251]","[157, 251]",2,2,1.0,1.0,1.0,1.0,1.0,1.0
Q9FE17,473,"[134, 142, 145, 167, 172, 253]","[134, 142, 145, 167, 172]",6,5,1.0,1.0,1.0,0.8333333333333334,0.9090909090909091,0.911895118175718
O94266,551,[76],"[76, 366, 456, 460, 486, 528]",1,6,0.990909090909091,0.16666666666666666,0.16666666666666666,1.0,0.2857142857142857,0.406388379695477
O50078,540,"[187, 225, 458]","[101, 119, 187]",3,3,0.9751707014276846,0.41919191919191917,0.3333333333333333,0.3333333333333333,0.3333333333333333,0.329608938547486
F1SYB2,517,[453],[453],1,1,1.0,1.0,1.0,1.0,1.0,1.0
Q9FMY3,341,"[51, 153]","[51, 153]",2,2,1.0,1.0,1.0,1.0,1.0,1.0
P40084,226,"[73, 78, 112, 116]","[73, 78, 112, 116]",4,4,1.0,1.0,1.0,1.0,1.0,1.0
Q05688,640,"[306, 408]","[306, 408]",2,2,1.0,1.0,1.0,1.0,1.0,1.0
O06995,226,"[7, 9, 23, 50, 76, 114, 145, 169, 170]","[7, 9, 145, 170]",9,4,0.9902713773681516,0.856998556998557,1.0,0.4444444444444444,0.6153846153846153,0.6591164043129517
Q4FM31,371,"[15, 22, 148, 201, 221, 223, 247, 255, 278, 346, 355]","[15, 22, 78, 148, 201, 221, 223, 247, 249, 255, 346, 352]",11,12,0.9972222222222222,0.9008463758463758,0.75,0.8181818181818182,0.7826086956521738,0.7764500453428885
Q8UJ09,259,"[104, 168, 200]","[104, 138, 168, 200]",3,4,1.0,1.0,0.75,1.0,0.8571428571428571,0.8643322928712082
Q9LJK1,501,"[218, 219, 226, 243]",[218],4,1,0.9562374245472838,0.5119047619047619,1.0,0.25,0.4,0.49849774322458074
Q940L4,649,"[385, 446, 560]","[385, 446, 560]",3,3,1.0,1.0,1.0,1.0,1.0,1.0
Q82P90,481,"[47, 162, 186, 223, 287, 321, 379, 475]","[47, 162, 223, 287, 304]",8,5,0.9651162790697674,0.5722045795062212,0.8,0.5,0.6153846153846154,0.6277935596161198
Q8W490,470,"[136, 224]","[136, 224]",2,2,1.0,1.0,1.0,1.0,1.0,1.0
I6WZK7,504,"[120, 122, 161, 163, 437, 440, 442, 485, 486, 487, 491]","[120, 122, 161, 163, 437, 440, 442, 485, 486, 487, 491, 496]",11,12,0.9998156002212798,0.9924242424242424,0.9166666666666666,1.0,0.9565217391304348,0.9564555934444826
D4AJR9,457,"[130, 135]","[130, 135]",2,2,1.0,1.0,1.0,1.0,1.0,1.0
A8FAP9,230,"[12, 14, 40, 189]","[14, 40, 163]",4,3,0.9911504424778761,0.6666666666666666,0.6666666666666666,0.5,0.5714285714285715,0.570979140877533
P10955,505,[194],[194],1,1,1.0,1.0,1.0,1.0,1.0,1.0
L0DSL2,553,"[42, 45, 46, 58, 63, 66, 67, 72, 94, 97, 98, 147, 212, 215, 216, 255, 258, 259, 262, 324, 327, 328, 330, 331, 386, 388, 400, 407, 410, 411, 426, 439, 442, 443, 519]","[42, 45, 46, 58, 63, 66, 67, 72, 94, 97, 98, 212, 215, 255, 258, 259, 262, 324, 327, 328, 400, 407, 410, 411, 426, 439, 442, 443, 519]",35,29,0.999503585217871,0.9928833013391839,1.0,0.8285714285714286,0.90625,0.9050325792288634
P50139,332,"[176, 187, 189, 192, 236, 248, 250, 271, 276]","[173, 189, 271]",9,3,0.9910560715514276,0.7140793903951799,0.6666666666666666,0.2222222222222222,0.3333333333333333,0.37606103771297583
P94544,570,"[193, 195, 240, 339, 341, 371, 410, 437, 465, 526, 528]","[195, 339, 341, 346, 371, 410, 437, 465, 526, 528]",11,10,0.9975605789559278,0.9356060606060607,0.9,0.8181818181818182,0.8571428571428572,0.8554752652837767
Q7Y220,649,"[422, 483, 593]","[422, 483, 593]",3,3,1.0,1.0,1.0,1.0,1.0,1.0
O87393,435,"[123, 125, 180, 187, 232, 236, 240, 291, 315, 320, 328, 330]","[123, 125, 175, 180, 187, 236, 303]",12,7,0.9554767533490938,0.6739907545911684,0.7142857142857143,0.4166666666666667,0.5263157894736842,0.5361944588698506
Q6B516,760,"[288, 315, 320, 461, 468, 474]","[288, 315]",6,2,0.9984526967285589,0.8631313131313131,1.0,0.3333333333333333,0.5,0.5758249025369658
P44176,274,"[8, 10, 15, 40, 65, 76, 190, 247, 249]","[8, 10, 15, 40, 65, 76, 190, 217, 247, 249]",9,10,0.99958071278826,0.9888888888888889,0.9,1.0,0.9473684210526316,0.9468916377204446
P23857,104,"[67, 93]",[67],2,1,0.9754901960784313,0.6428571428571428,1.0,0.5,0.6666666666666666,0.7036658518558089
Q9FFB6,291,"[27, 29, 40, 41, 47, 50, 51, 66, 78, 81, 91, 94, 103, 106, 119, 120, 123, 126, 136, 137, 140, 143, 152, 154]","[27, 29, 41, 47, 50, 51, 66, 78, 81, 91, 94, 119, 136, 143, 152, 154, 163, 166, 182, 184, 190, 202, 205, 241, 244, 259, 262]",24,27,0.9705056179775281,0.6608028597862524,0.5925925925925926,0.6666666666666666,0.627450980392157,0.5930381274488835
Q01402,233,"[93, 141, 169, 175, 186, 196, 199]","[93, 169, 175, 186, 199]",7,5,0.9936788874841973,0.8992346938775508,1.0,0.7142857142857143,0.8333333333333333,0.8414392729872509
G3KIM8,394,"[144, 282, 293, 377, 378]",[282],5,1,0.9588688946015423,0.4682587064676617,1.0,0.2,0.33333333333333337,0.44493187859528655
P07003,572,"[50, 210, 292, 297, 382, 433, 460, 462, 465]","[50, 433]",9,2,0.911190053285968,0.5033601337349188,1.0,0.2222222222222222,0.3636363636363636,0.46850098974059196
P54746,877,"[14, 16, 126, 338]","[14, 16, 126, 182, 338]",4,5,1.0,1.0,0.8,1.0,0.888888888888889,0.8939147720572562
Q09693,506,"[355, 357, 419]","[357, 419]",3,2,0.998674618952949,0.8666666666666667,1.0,0.6666666666666666,0.8,0.8156861622854193
Q8W566,337,"[133, 135, 234, 291, 296]","[133, 135, 176, 291, 296]",5,5,0.9981927710843373,0.925,0.8,0.8,0.8000000000000002,0.7969879518072289
F4HWL4,748,"[564, 568, 571, 586, 626]",[564],5,1,0.9911170928667563,0.47121212121212125,1.0,0.2,0.33333333333333337,0.44601462927964497
P82902,52,[44],"[44, 48]",1,2,1.0,1.0,0.5,1.0,0.6666666666666666,0.7001400420140049
Q20443,441,"[60, 158]","[60, 158]",2,2,1.0,1.0,1.0,1.0,1.0,1.0
O74429,920,"[123, 197, 204, 223, 260, 274, 276, 321]",[321],8,1,0.9458607456140351,0.4480736892779226,1.0,0.125,0.2222222222222222,0.3522043130462778
E1WKT5,318,"[75, 90, 110, 142, 176, 236, 278, 302]","[110, 236, 274, 302]",8,4,0.8221774193548387,0.4045833333333333,0.75,0.375,0.5,0.5224085316363463
Q9AL94,54,"[6, 9, 39, 42]","[6, 9, 39, 42]",4,4,1.0,1.0,1.0,1.0,1.0,1.0
Q949R4,269,"[12, 50, 173, 229]","[12, 50, 117, 173, 229]",4,5,0.999056603773585,0.95,0.8,1.0,0.888888888888889,0.8927379974412827
Q22710,414,"[154, 155, 158, 164]","[154, 155, 158, 164]",4,4,1.0,1.0,1.0,1.0,1.0,1.0
P90518,719,"[350, 352, 364, 366, 369, 432, 433, 501, 544, 579, 586, 653]","[79, 152, 352, 364]",12,4,0.9651107967939652,0.36191344453268015,0.5,0.16666666666666666,0.25,0.2821833946945313
P44570,241,"[160, 209, 213]","[158, 160, 209, 213]",3,4,1.0,1.0,0.75,1.0,0.8571428571428571,0.8642041075439286
B2KES3,221,"[61, 131, 146, 164, 167]","[61, 131, 164, 167]",5,4,1.0,1.0,1.0,0.8,0.888888888888889,0.892363919068504
C4JUE5,349,"[52, 72, 74, 123]","[52, 72, 74, 88, 123]",4,5,0.9978260869565218,0.8041666666666667,0.8,1.0,0.888888888888889,0.8931299790177742
Q8VZJ9,411,"[147, 247]","[147, 247]",2,2,1.0,1.0,1.0,1.0,1.0,1.0
Q93Z01,353,"[197, 250, 274]","[32, 250]",3,2,0.9885714285714285,0.626984126984127,0.5,0.3333333333333333,0.4,0.40417204260278405
P36069,295,"[61, 170, 254]","[60, 61, 135, 254]",3,4,0.9942922374429224,0.7916666666666666,0.5,0.6666666666666666,0.5714285714285715,0.572399565181274
O01775,357,"[35, 137]","[35, 137]",2,2,1.0,1.0,1.0,1.0,1.0,1.0
P43154,814,"[477, 478, 481]","[477, 478, 481, 505, 549]",3,5,0.998766954377312,0.6388888888888888,0.6,1.0,0.7499999999999999,0.7736409666329559
B3PIB0,358,"[160, 205, 255, 333, 335]","[125, 160, 205, 255, 335]",5,5,0.9801699716713881,0.7856410256410256,0.8,0.8,0.8000000000000002,0.7971671388101983
Q4V399,433,"[317, 322, 324, 330]","[317, 322, 324, 330]",4,4,1.0,1.0,1.0,1.0,1.0,1.0
Q95WU5,761,"[622, 706, 738]","[622, 706, 738]",3,3,1.0,1.0,1.0,1.0,1.0,1.0
S0DPM1,530,[464],[464],1,1,1.0,1.0,1.0,1.0,1.0,1.0
Q12305,139,[98],[98],1,1,1.0,1.0,1.0,1.0,1.0,1.0
A9CKY2,276,"[111, 113, 116, 191, 213, 259]","[111, 113, 115, 116, 191, 213, 259]",6,7,1.0,1.0,0.8571428571428571,1.0,0.923076923076923,0.9241040276766755
P22857,394,"[54, 57, 180, 216, 219, 244, 254, 256, 285]","[54, 180, 216, 219, 244, 254, 285]",9,7,0.9991341991341991,0.9722222222222223,1.0,0.7777777777777778,0.8750000000000001,0.8796352962327111
P16692,252,"[21, 23, 26, 76, 78, 80, 81, 143, 164, 222, 225]","[21, 23, 26, 76, 78, 80, 81, 143, 164, 222, 225]",11,11,1.0,1.0,1.0,1.0,1.0,1.0
Q9U1Y5,476,"[199, 301, 322]","[199, 301]",3,2,0.9992952783650458,0.9166666666666665,1.0,0.6666666666666666,0.8,0.8156348428713468
K0KPV8,393,"[122, 146, 296]","[122, 146, 296]",3,3,1.0,1.0,1.0,1.0,1.0,1.0
O31544,287,"[222, 242]","[222, 242]",2,2,1.0,1.0,1.0,1.0,1.0,1.0
P10475,499,"[65, 96, 131, 169, 231, 257, 291]","[169, 257]",7,2,0.9860627177700348,0.6579365079365078,1.0,0.2857142857142857,0.4444444444444445,0.531826942267867
Q39054,670,"[485, 486, 541, 573, 600, 607]",[242],6,1,0.9236947791164659,0.06803482144817478,0.0,0.0,0.0,-0.003675179256645885
Q11001,990,"[357, 358, 361, 380, 444]","[357, 358, 361, 380, 444]",5,5,1.0,1.0,1.0,1.0,1.0,1.0
B5BLW5,306,"[156, 251, 281]","[114, 156, 183, 251, 281]",3,5,1.0,1.0,0.6,1.0,0.7499999999999999,0.7720360120877756
P80563,875,[175],"[11, 175, 744]",1,3,0.9988558352402745,0.5,0.3333333333333333,1.0,0.5,0.5766893070162215
A2SU30,281,"[55, 110]","[55, 110]",2,2,1.0,1.0,1.0,1.0,1.0,1.0
Q2LGB3,718,"[239, 340, 358]","[239, 340]",3,2,1.0,1.0,1.0,0.6666666666666666,0.8,0.8159262025270453
Q54R82,942,"[199, 297]","[199, 297]",2,2,1.0,1.0,1.0,1.0,1.0,1.0
Q9HLE4,268,"[62, 66, 78, 87, 102, 207, 209, 230]",[66],8,1,0.9019230769230768,0.590728021978022,1.0,0.125,0.2222222222222222,0.34888801418499255
Q04399,608,"[100, 102, 145, 147, 452, 455, 457, 530, 531, 532, 536]","[100, 102, 145, 147, 452, 455, 457, 530, 531, 532, 536]",11,11,1.0,1.0,1.0,1.0,1.0,1.0
A2SQW3,487,"[150, 219, 313, 346, 347]","[150, 313, 346]",5,3,1.0,1.0,1.0,0.6,0.7499999999999999,0.7729946061629569
Q46EH3,461,"[164, 220, 269]",[],3,0,0.9861717612809316,0.4740740740740741,0.0,0.0,0.0,0.0
Q8W4N3,961,"[240, 907]","[240, 907]",2,2,1.0,1.0,1.0,1.0,1.0,1.0
P77324,318,"[108, 119, 129, 138, 157, 164, 213, 230]","[119, 129, 138, 157, 164]",8,5,0.9830645161290322,0.8680555555555556,1.0,0.625,0.7692307692307693,0.7867716216695521
O69981,967,"[143, 188, 364, 366, 368]","[143, 188, 364, 366, 368, 377]",5,6,0.9993762993762993,0.8766666666666667,0.8333333333333334,1.0,0.9090909090909091,0.9123963406694935
P25037,809,"[110, 697]","[110, 697]",2,2,1.0,1.0,1.0,1.0,1.0,1.0
Q5A961,690,"[54, 166]","[54, 166]",2,2,1.0,1.0,1.0,1.0,1.0,1.0
P37391,473,"[63, 119, 152, 155, 298, 412]","[63, 119, 152, 155, 298, 412]",6,6,1.0,1.0,1.0,1.0,1.0,1.0
Q8N966,263,[111],"[97, 111]",1,2,1.0,1.0,0.5,1.0,0.6666666666666666,0.7057560506672509
A0A140C435,397,[244],[244],1,1,1.0,1.0,1.0,1.0,1.0,1.0
O59272,287,"[156, 157, 191]","[7, 10, 111, 156, 157, 160, 191, 240, 264]",3,9,0.9964788732394366,0.6388888888888888,0.3333333333333333,1.0,0.5,0.5712189420985675
Q9AI65,453,"[149, 171, 172, 201]","[38, 111, 149, 171, 172, 201, 292, 295, 371]",4,9,0.9955456570155902,0.525,0.4444444444444444,1.0,0.6153846153846153,0.6629443222939366
O60109,532,"[68, 115, 166, 168, 306, 311, 315, 352, 353, 456]","[68, 115, 168, 306, 311, 315, 352, 353, 456]",10,9,0.9990421455938697,0.9666666666666667,1.0,0.9,0.9473684210526316,0.9477759010967776
Q84HH8,515,"[255, 294]","[255, 294, 476]",2,3,0.9990253411306043,0.8333333333333333,0.6666666666666666,1.0,0.8,0.8157003870953307
A2QWT2,443,[215],"[215, 216]",1,2,1.0,1.0,0.5,1.0,0.6666666666666666,0.706306433696128
A0A0H2WWV6,493,"[17, 59, 249, 326, 331, 383]","[19, 249, 326, 331, 383]",6,5,0.9770704996577686,0.6880837359098229,0.8,0.6666666666666666,0.7272727272727272,0.7273010366752244
Q5JE80,324,"[27, 36, 39]","[27, 36, 39, 180, 273]",3,5,1.0,1.0,0.6,1.0,0.7499999999999999,0.7721798250686109
P15636,653,"[262, 318, 399]","[262, 318, 399]",3,3,1.0,1.0,1.0,1.0,1.0,1.0
Q54S02,182,"[46, 50, 56, 95, 99, 109, 124, 129, 165, 168]","[50, 56, 95, 124, 165, 168]",10,6,0.997093023255814,0.9614285714285714,1.0,0.6,0.7499999999999999,0.7657438451359805
P44679,136,[18],[18],1,1,1.0,1.0,1.0,1.0,1.0,1.0
Q8RWN7,856,"[307, 308, 763, 826]","[307, 308, 763, 826]",4,4,1.0,1.0,1.0,1.0,1.0,1.0
Q9HU15,634,[281],[281],1,1,1.0,1.0,1.0,1.0,1.0,1.0
Q95017,166,[93],[93],1,1,1.0,1.0,1.0,1.0,1.0,1.0
O54259,118,"[18, 63, 67]",[],3,0,0.991304347826087,0.8333333333333333,0.0,0.0,0.0,0.0
Q9UUF3,287,[189],[189],1,1,1.0,1.0,1.0,1.0,1.0,1.0
Q9NFP1,558,"[76, 171, 203]","[76, 171, 177, 203]",3,4,0.9993993993993994,0.9166666666666665,0.75,1.0,0.8571428571428571,0.8652448489581712
A9AWD5,521,"[311, 313]","[311, 313]",2,2,1.0,1.0,1.0,1.0,1.0,1.0
I3RB26,270,[41],[],1,0,0.6505576208178439,0.010526315789473684,0.0,0.0,0.0,0.0
Q2M405,599,[470],"[220, 260, 274, 391, 470]",1,5,1.0,1.0,0.2,1.0,0.33333333333333337,0.44571538828927537
Q6FJI9,129,[94],[],1,0,0.375,0.012345679012345678,0.0,0.0,0.0,0.0
P38278,337,"[180, 201]",[201],2,1,0.9955223880597015,0.7,1.0,0.5,0.6666666666666666,0.7060537548670814
C4VBI7,614,"[140, 166, 321, 324]","[166, 303]",4,2,0.996311475409836,0.5178571428571428,0.5,0.25,0.3333333333333333,0.35066062464163233
Q9RWM1,193,"[21, 64, 93]","[21, 93, 175]",3,3,0.9982456140350877,0.9166666666666665,0.6666666666666666,0.6666666666666666,0.6666666666666666,0.6614035087719298
P73881,402,"[159, 283, 293, 328, 342, 346]","[75, 125, 293]",6,3,0.9810606060606061,0.4839777081156391,0.3333333333333333,0.16666666666666666,0.2222222222222222,0.22769889918243774
P15704,448,"[70, 101, 137, 175, 237, 263, 297]","[175, 263]",7,2,0.9928733398121153,0.775,1.0,0.2857142857142857,0.4444444444444445,0.5315178367301815
P0AEY3,263,"[172, 175, 193, 196, 253]","[21, 39, 61, 172, 175, 193]",5,6,0.965891472868217,0.31290598290598287,0.5,0.6,0.5454545454545454,0.538151721505837
Q8XAC3,377,"[125, 191, 212, 223, 269]","[55, 125, 191, 212, 244, 269]",5,6,0.9940860215053764,0.7202564102564102,0.6666666666666666,0.8,0.7272727272727272,0.7263657902216621
Q9HZ00,285,"[60, 62, 104, 106]","[43, 60, 62, 78, 104, 106]",4,6,0.9991103202846975,0.95,0.6666666666666666,1.0,0.8,0.8135857104110503
Q8Z5I4,257,"[23, 104, 109, 128, 129, 234]","[23, 109, 127, 129]",6,4,0.9707835325365206,0.5663807189542484,0.75,0.5,0.6,0.6050870518354228
P9WI63,399,"[48, 142]","[48, 142]",2,2,1.0,1.0,1.0,1.0,1.0,1.0
D3JV05,285,"[70, 122, 148]","[36, 70, 122, 186]",3,4,0.9869976359338061,0.6324786324786325,0.5,0.6666666666666666,0.5714285714285715,0.572223727175487
Q01738,773,"[83, 181, 707]","[181, 707]",3,2,0.9991341991341991,0.8666666666666667,1.0,0.6666666666666666,0.8,0.8159669042057939
Q04972,425,[261],"[35, 86, 121, 154, 261]",1,5,0.9929245283018868,0.25,0.2,1.0,0.33333333333333337,0.4450990985692622
P49594,449,"[202, 203, 370, 415]","[202, 203, 370, 415]",4,4,1.0,1.0,1.0,1.0,1.0,1.0
O86042,192,"[41, 43, 72]","[41, 43, 72, 165]",3,4,1.0,1.0,0.75,1.0,0.8571428571428571,0.8637312927246217
O31619,336,"[7, 34, 55, 66, 81, 105, 166, 169, 181, 238, 241]","[7, 34, 55, 57, 66, 81, 125, 166, 169, 181, 238, 241]",11,12,0.9974825174825175,0.9198818857909767,0.8333333333333334,0.9090909090909091,0.8695652173913043,0.8658294922562465
J7FJH2,367,"[132, 139, 143, 148, 233, 234, 264, 271, 281]","[132, 139, 143, 148, 233, 234, 267, 292]",9,8,0.994723774053383,0.7920745920745922,0.75,0.6666666666666666,0.7058823529411765,0.7002040487169154
Q12706,436,"[120, 215]","[120, 215]",2,2,1.0,1.0,1.0,1.0,1.0,1.0
O34788,346,"[37, 70, 152]","[37, 70, 71, 152]",3,4,1.0,1.0,0.75,1.0,0.8571428571428571,0.8647620546015634
Q9XB59,273,"[101, 103, 104, 130, 251, 253, 263, 267]","[101, 103, 251]",8,3,0.9108490566037736,0.5497362012987013,1.0,0.375,0.5454545454545454,0.6066758241067098
P45306,695,"[459, 470, 484]",[459],3,1,0.9657996146435452,0.6801801801801801,1.0,0.3333333333333333,0.5,0.5765177521463373
Q8KCU0,456,"[194, 198, 201]","[194, 198, 201]",3,3,1.0,1.0,1.0,1.0,1.0,1.0
P44888,593,[453],[453],1,1,1.0,1.0,1.0,1.0,1.0,1.0
