Protein_ID,Sequence_Length,Actual_Sites,Predicted_Sites,Num_Actual_Sites,Num_Predicted_Sites,AUC,AUPR,Precision,Recall,F1
I1RPI4,528,[308],[],1,0,0.9962,0.3333,0.0000,0.0000,0.0000
P17989,349,"[79, 83]","[79, 83, 164]",2,3,1.0000,1.0000,0.6667,1.0000,0.8000
P34100,714,"[363, 457]","[363, 457]",2,2,1.0000,1.0000,1.0000,1.0000,1.0000
A0Q5Y4,318,"[157, 222, 237]","[157, 222, 237]",3,3,1.0000,1.0000,1.0000,1.0000,1.0000
O60156,284,"[206, 214, 245]","[206, 214, 245]",3,3,1.0000,1.0000,1.0000,1.0000,1.0000
Q0PKV7,525,"[88, 178]","[88, 178]",2,2,1.0000,1.0000,1.0000,1.0000,1.0000
Q9P6N2,229,"[12, 14, 176]","[12, 14, 21, 58, 153, 176, 179, 180]",3,8,1.0000,1.0000,0.3750,1.0000,0.5455
P49332,221,"[14, 41, 55]","[14, 16, 41, 55]",3,4,0.9985,0.9167,0.7500,1.0000,0.8571
Q93ZC9,362,"[24, 179]","[24, 134, 168, 179]",2,4,0.9972,0.5833,0.5000,1.0000,0.6667
Q8KLM3,270,"[67, 90, 132, 163]","[67, 98]",4,2,0.9502,0.6223,0.5000,0.2500,0.3333
O14040,927,"[453, 461, 462]","[453, 461, 462]",3,3,1.0000,1.0000,1.0000,1.0000,1.0000
Q83F94,185,"[75, 113, 170]","[75, 113, 170]",3,3,1.0000,1.0000,1.0000,1.0000,1.0000
F1DBB3,398,"[264, 306, 335, 362]","[264, 306]",4,2,0.9930,0.6981,1.0000,0.5000,0.6667
Q8Q054,966,[635],"[79, 635]",1,2,1.0000,1.0000,0.5000,1.0000,0.6667
P78581,588,"[195, 262, 265, 269, 271, 455, 501]","[195, 455, 501]",7,3,0.9899,0.7078,1.0000,0.4286,0.6000
P74181,518,[337],[],1,0,0.9981,0.5000,0.0000,0.0000,0.0000
Q8P3J4,798,[481],"[481, 631]",1,2,1.0000,1.0000,0.5000,1.0000,0.6667
Q08961,583,[273],[273],1,1,1.0000,1.0000,1.0000,1.0000,1.0000
Q9KG32,265,[47],"[47, 72]",1,2,1.0000,1.0000,0.5000,1.0000,0.6667
F4JYG0,760,"[329, 331, 352, 355]","[329, 331, 352, 355]",4,4,1.0000,1.0000,1.0000,1.0000,1.0000
D0E8I5,190,"[24, 27, 34, 58, 59, 62, 80, 104, 108, 158, 161]","[58, 59, 80, 104]",11,4,0.9939,0.9038,1.0000,0.3636,0.5333
Q4WZB3,406,"[257, 352, 380]","[188, 257, 301, 352, 380]",3,5,1.0000,1.0000,0.6000,1.0000,0.7500
Q9FJT9,956,"[85, 88, 89, 165, 172]","[85, 88, 89]",5,3,0.9809,0.8104,1.0000,0.6000,0.7500
Q70KF0,340,"[41, 63, 92, 95, 98, 106, 147]","[41, 63, 64, 92, 95, 98, 106, 147]",7,8,1.0000,1.0000,0.8750,1.0000,0.9333
Q0PBX7,247,"[25, 29, 33, 50, 52, 91, 93]","[25, 29, 33, 50, 52, 91, 93]",7,7,1.0000,1.0000,1.0000,1.0000,1.0000
S0E627,393,"[109, 112, 141, 148, 152, 157, 158, 235, 236, 275, 278, 282, 292, 302]","[109, 112, 141, 148, 152, 157, 158, 180, 235, 236, 275, 278, 282, 292, 302]",14,15,1.0000,1.0000,0.9333,1.0000,0.9655
O43980,309,"[82, 166]","[82, 141]",2,2,0.9935,0.6667,0.5000,0.5000,0.5000
Q02742,428,[320],[320],1,1,1.0000,1.0000,1.0000,1.0000,1.0000
Q5QKR8,334,"[81, 85, 127, 135, 139, 167, 175, 193, 252, 255]","[125, 127, 135, 139, 312]",10,5,0.9034,0.4061,0.6000,0.3000,0.4000
P46116,281,"[150, 210]","[150, 210]",2,2,1.0000,1.0000,1.0000,1.0000,1.0000
P54637,990,[650],"[650, 656]",1,2,1.0000,1.0000,0.5000,1.0000,0.6667
E7FHF1,114,"[15, 26, 28]","[15, 22, 26, 28, 64, 104]",3,6,1.0000,1.0000,0.5000,1.0000,0.6667
P40376,512,"[230, 324]","[230, 324]",2,2,1.0000,1.0000,1.0000,1.0000,1.0000
P32945,549,"[301, 303, 329, 361, 362, 410, 485]","[301, 303, 329, 361, 362, 410, 485]",7,7,1.0000,1.0000,1.0000,1.0000,1.0000
P46489,453,"[88, 93, 198, 204, 211, 218, 237, 268, 293]","[148, 198, 204, 211, 237, 268, 293]",9,7,0.9002,0.7014,0.8571,0.6667,0.7500
Q9VWU1,394,"[187, 234, 339]","[187, 234, 339]",3,3,1.0000,1.0000,1.0000,1.0000,1.0000
B0WSX1,760,[389],"[121, 165, 278, 389, 431, 701]",1,6,0.9987,0.5000,0.1667,1.0000,0.2857
D4GU60,405,"[24, 201, 202]","[24, 51, 138, 201, 202, 218]",3,6,0.9983,0.8056,0.5000,1.0000,0.6667
Q8SQZ6,579,"[175, 226, 449]","[316, 327, 334]",3,3,0.9803,0.1774,0.0000,0.0000,0.0000
O53423,314,"[80, 119, 149, 244, 247]","[6, 80, 119, 149, 244, 247]",5,6,1.0000,1.0000,0.8333,1.0000,0.9091
Q9RDE9,431,"[29, 108, 153, 198, 200, 228, 276, 327, 356, 410]","[104, 105, 198, 200, 228, 230, 253, 276, 277, 300, 327]",10,11,0.9501,0.4125,0.4545,0.5000,0.4762
Q2G0P6,335,"[82, 115]",[157],2,1,0.9084,0.1169,0.0000,0.0000,0.0000
G0L322,539,"[73, 144, 147, 152, 176, 271]","[147, 152, 420]",6,3,0.7914,0.4629,0.6667,0.3333,0.4444
E9QBI7,478,"[296, 297, 300, 361]","[296, 297, 300, 361, 365, 408]",4,6,0.9995,0.9500,0.6667,1.0000,0.8000
Q4QEY9,686,"[428, 530]","[428, 466, 530]",2,3,0.9993,0.8333,0.6667,1.0000,0.8000
P0DTF7,300,"[62, 64, 130, 182, 199, 245]","[62, 64, 182]",6,3,0.9393,0.6522,1.0000,0.5000,0.6667
Q6S5G3,793,"[180, 294]",[],2,0,0.9551,0.5137,0.0000,0.0000,0.0000
O61125,461,"[49, 139]","[49, 139]",2,2,1.0000,1.0000,1.0000,1.0000,1.0000
A8GG78,444,"[356, 381, 415]",[415],3,1,0.9977,0.8333,1.0000,0.3333,0.5000
O27089,353,"[96, 186, 238]","[96, 186, 238]",3,3,1.0000,1.0000,1.0000,1.0000,1.0000
Q4JB16,235,"[111, 131]",[],2,0,0.9635,0.1484,0.0000,0.0000,0.0000
Q9Y898,518,"[109, 243]","[109, 243]",2,2,1.0000,1.0000,1.0000,1.0000,1.0000
P11439,638,"[474, 578]",[465],2,1,0.9701,0.0761,0.0000,0.0000,0.0000
P35484,336,"[51, 115, 203, 237, 304, 312]","[42, 47, 51, 237, 313]",6,5,0.8965,0.2453,0.4000,0.3333,0.3636
Q9VWP4,573,"[144, 168, 287, 344, 383, 388]","[144, 168, 287]",6,3,0.9871,0.6682,1.0000,0.5000,0.6667
E7FHN9,334,"[229, 232, 235, 239, 306, 309, 312, 316]","[92, 135, 229, 232, 235, 239, 242, 244, 266, 294, 306, 309, 312, 316]",8,14,1.0000,1.0000,0.5714,1.0000,0.7273
Q06702,301,"[115, 116, 162, 166, 203, 263]","[115, 116, 162, 166, 203, 263]",6,6,1.0000,1.0000,1.0000,1.0000,1.0000
Q4P804,406,"[146, 148, 159]","[82, 146, 148, 156, 159]",3,5,1.0000,1.0000,0.6000,1.0000,0.7500
Q09363,356,"[208, 294]","[208, 265]",2,2,0.9873,0.5909,0.5000,0.5000,0.5000
O87876,438,"[298, 337]","[8, 298, 337, 392, 420]",2,5,1.0000,1.0000,0.4000,1.0000,0.5714
O16129,453,"[164, 285, 310]","[164, 285]",3,2,0.9015,0.6740,1.0000,0.6667,0.8000
Q54EM5,566,[510],[510],1,1,1.0000,1.0000,1.0000,1.0000,1.0000
Q04195,904,"[377, 379, 400, 403]","[377, 379, 400, 403]",4,4,1.0000,1.0000,1.0000,1.0000,1.0000
Q12043,749,"[216, 375]","[216, 375, 426]",2,3,1.0000,1.0000,0.6667,1.0000,0.8000
B2A6B7,452,"[172, 192]",[192],2,1,1.0000,1.0000,1.0000,0.5000,0.6667
P32747,443,"[126, 146, 234, 264, 267, 306, 358, 387]","[122, 145, 264, 267, 306, 334, 358]",8,7,0.9813,0.6316,0.5714,0.5000,0.5333
Q03533,586,"[68, 180]","[68, 180]",2,2,1.0000,1.0000,1.0000,1.0000,1.0000
P46843,458,"[57, 90, 163, 182, 188, 245, 265, 285, 292]","[56, 118, 124, 142, 145, 285, 379, 382]",9,8,0.9240,0.1457,0.1250,0.1111,0.1176
Q8EN08,262,"[71, 101, 135]",[101],3,1,0.7825,0.3951,1.0000,0.3333,0.5000
O81755,404,"[104, 108, 109, 112, 114, 116, 118, 204, 234, 235, 287]","[108, 204, 234, 235, 318, 321, 329]",11,7,0.9514,0.5326,0.5714,0.3636,0.4444
Q59QL0,514,[343],[343],1,1,1.0000,1.0000,1.0000,1.0000,1.0000
P86074,35,"[7, 23]",[],2,0,0.9848,0.8333,0.0000,0.0000,0.0000
Q23498,618,"[189, 191, 278, 318, 427, 461, 463]","[189, 191, 278, 282, 318, 319, 427, 461, 463]",7,9,1.0000,1.0000,0.7778,1.0000,0.8750
K2RU68,203,[77],[77],1,1,1.0000,1.0000,1.0000,1.0000,1.0000
Q9WYP4,311,"[35, 37, 46, 117, 173]","[35, 37, 46, 117, 118, 168, 173]",5,7,0.9993,0.9667,0.7143,1.0000,0.8333
Q9VM90,456,"[130, 221]","[130, 221]",2,2,1.0000,1.0000,1.0000,1.0000,1.0000
P11018,319,"[50, 87, 246]","[50, 87, 246]",3,3,1.0000,1.0000,1.0000,1.0000,1.0000
Q9YFY8,409,"[9, 11, 50, 85, 86, 170, 199, 201]","[9, 11, 50, 85, 86, 170, 199, 201]",8,8,1.0000,1.0000,1.0000,1.0000,1.0000
Q72E85,255,"[20, 23, 26, 30, 75, 78, 83, 87, 108, 111, 114, 118, 155, 158, 188, 192]","[20, 23, 26, 30, 75, 78, 83, 87, 108, 111, 114, 118, 158, 188, 192]",16,15,1.0000,1.0000,1.0000,0.9375,0.9677
Q6DNF3,708,"[105, 439, 483]","[105, 483]",3,2,0.9986,0.8333,1.0000,0.6667,0.8000
I6Y2J4,437,"[309, 383, 413]","[309, 413]",3,2,1.0000,1.0000,1.0000,0.6667,0.8000
M2ZIX7,309,[182],"[169, 182, 186]",1,3,1.0000,1.0000,0.3333,1.0000,0.5000
P32823,820,[313],"[311, 313, 568, 619]",1,4,1.0000,1.0000,0.2500,1.0000,0.4000
Q621J7,709,"[41, 130]","[41, 130]",2,2,1.0000,1.0000,1.0000,1.0000,1.0000
P22806,389,"[19, 131, 178, 351]","[131, 178, 203, 206, 360]",4,5,0.9896,0.5536,0.4000,0.5000,0.4444
B2UP57,493,"[122, 151, 214, 227, 247, 278, 279, 288, 291, 345]","[122, 214, 227, 278, 279, 288]",10,6,0.9963,0.9357,1.0000,0.6000,0.7500
Q7VQW8,357,"[9, 11, 93, 95, 101, 103, 130]","[9, 11, 54, 93, 95, 101, 103, 104, 105, 130, 178, 204, 230, 231, 234, 256, 277, 301, 324, 325, 328]",7,21,0.9727,0.2873,0.3333,1.0000,0.5000
Q21376,709,"[43, 44, 79, 308, 309]","[43, 44, 79, 217, 308]",5,5,0.9991,0.9029,0.8000,0.8000,0.8000
O07566,441,"[151, 225, 242, 274, 282, 292, 379]","[125, 222, 242, 292]",7,4,0.9631,0.4241,0.5000,0.2857,0.3636
Q54VC0,418,"[41, 139]","[41, 139]",2,2,1.0000,1.0000,1.0000,1.0000,1.0000
Q5BD29,555,"[392, 488]","[392, 488]",2,2,1.0000,1.0000,1.0000,1.0000,1.0000
Q9X1G3,565,"[254, 298, 300]",[331],3,1,0.9935,0.3472,0.0000,0.0000,0.0000
Q6DRD3,336,"[71, 100, 102, 105, 189, 191, 257]","[189, 191]",7,2,0.8641,0.4453,1.0000,0.2857,0.4444
P76190,271,"[169, 224, 236]","[169, 224]",3,2,1.0000,1.0000,1.0000,0.6667,0.8000
A1A6H3,379,"[210, 255, 319, 321, 325, 355, 358, 360, 364]","[80, 255, 321, 325, 358]",9,5,0.9946,0.7840,0.8000,0.4444,0.5714
B0TFA7,385,"[34, 102, 126, 200]","[102, 200]",4,2,0.8747,0.5223,1.0000,0.5000,0.6667
Q9ZHY3,362,"[13, 30, 41, 52, 262]",[262],5,1,0.9894,0.6581,1.0000,0.2000,0.3333
A0A3G5BB24,163,[83],[],1,0,0.9074,0.0625,0.0000,0.0000,0.0000
Q0V9R3,834,"[354, 362, 363]","[354, 363]",3,2,0.9984,0.8095,1.0000,0.6667,0.8000
P39671,542,"[17, 21, 112, 125, 276, 278, 280, 343, 375, 495]","[112, 276, 278, 280, 362, 363]",10,6,0.9912,0.7088,0.6667,0.4000,0.5000
Q9X0L3,217,"[11, 77, 139, 183]","[11, 77, 139, 160, 183]",4,5,0.9965,0.8042,0.8000,1.0000,0.8889
P36163,345,"[203, 204, 207, 257]","[172, 203, 204, 207, 306]",4,5,0.9963,0.8611,0.6000,0.7500,0.6667
Q60314,378,"[8, 11, 15, 43]","[8, 11, 15, 43]",4,4,1.0000,1.0000,1.0000,1.0000,1.0000
Q4U3Y2,549,[110],"[142, 245, 305]",1,3,0.5712,0.0042,0.0000,0.0000,0.0000
A3CTK0,187,"[117, 127, 146, 159, 166, 170]","[33, 100]",6,2,0.9503,0.3261,0.0000,0.0000,0.0000
Q5QHG6,495,"[259, 271, 303, 304, 332, 429, 430]","[259, 271, 303, 304, 332, 387, 429, 430]",7,8,0.9997,0.9821,0.8750,1.0000,0.9333
Q54IP4,653,"[201, 298]","[15, 201, 298]",2,3,1.0000,1.0000,0.6667,1.0000,0.8000
Q57688,417,[41],[41],1,1,1.0000,1.0000,1.0000,1.0000,1.0000
Q9R5V5,157,[98],"[72, 98]",1,2,1.0000,1.0000,0.5000,1.0000,0.6667
Q04049,632,"[30, 155]","[30, 155]",2,2,1.0000,1.0000,1.0000,1.0000,1.0000
Q9I4U2,847,[265],"[265, 287, 337]",1,3,1.0000,1.0000,0.3333,1.0000,0.5000
Q9S713,562,"[167, 279]","[167, 279]",2,2,1.0000,1.0000,1.0000,1.0000,1.0000
Q2UPC5,306,[237],[237],1,1,1.0000,1.0000,1.0000,1.0000,1.0000
Q22036,648,"[83, 252, 290]","[83, 252]",3,2,1.0000,1.0000,1.0000,0.6667,0.8000
O80831,691,"[289, 329, 337, 422, 530, 535, 618, 654]",[329],8,1,0.8995,0.3976,1.0000,0.1250,0.2222
Q8PU60,177,"[85, 88, 91, 95, 125, 128, 131, 135]","[85, 88, 91, 95, 125, 128, 131, 135]",8,8,1.0000,1.0000,1.0000,1.0000,1.0000
P72173,398,"[36, 132, 185, 376]","[36, 67, 132, 185, 216, 256, 376]",4,7,0.9962,0.6917,0.5714,1.0000,0.7273
Q93Z04,501,"[217, 241, 245, 297]","[217, 241, 245, 297]",4,4,1.0000,1.0000,1.0000,1.0000,1.0000
Q75SP7,274,"[40, 108, 140]","[40, 108, 140]",3,3,1.0000,1.0000,1.0000,1.0000,1.0000
Q9XG80,138,"[48, 50, 53, 72, 73]",[69],5,1,0.9233,0.4605,0.0000,0.0000,0.0000
B5GRC8,343,"[114, 119, 206, 252, 256, 260]","[114, 115, 119, 206, 252, 256, 260]",6,7,0.9990,0.9484,0.8571,1.0000,0.9231
Q9AAA6,168,"[115, 141]","[115, 141]",2,2,1.0000,1.0000,1.0000,1.0000,1.0000
P71011,448,"[129, 133, 136, 408, 414, 417]","[129, 133, 136, 344, 362, 403, 408, 414, 417, 433]",6,10,0.9989,0.9151,0.6000,1.0000,0.7500
Q17426,577,[188],[188],1,1,1.0000,1.0000,1.0000,1.0000,1.0000
F0X8C8,408,"[190, 209, 248, 275, 357]","[190, 209, 247, 357]",5,4,0.9916,0.7198,0.7500,0.6000,0.6667
P27035,459,"[286, 378]","[286, 378]",2,2,1.0000,1.0000,1.0000,1.0000,1.0000
P40601,645,"[34, 327, 330]","[34, 241, 330]",3,3,0.9990,0.8667,0.6667,0.6667,0.6667
I1BYM7,385,"[210, 233]","[210, 233]",2,2,1.0000,1.0000,1.0000,1.0000,1.0000
P21637,459,"[338, 344, 377, 381]","[27, 338, 344, 377, 381]",4,5,1.0000,1.0000,0.8000,1.0000,0.8889
P32586,711,[630],[630],1,1,1.0000,1.0000,1.0000,1.0000,1.0000
Q8MYY6,558,"[150, 186, 209, 210, 211, 312, 340, 343, 346]","[150, 186, 209, 210, 211, 312, 340, 343, 348]",9,9,0.9984,0.9390,0.8889,0.8889,0.8889
Q86TM3,631,"[244, 249, 311]",[376],3,1,0.7176,0.0247,0.0000,0.0000,0.0000
Q92111,524,[457],[457],1,1,1.0000,1.0000,1.0000,1.0000,1.0000
Q8TZH9,254,"[68, 84, 86, 87, 171, 176, 195, 202]","[68, 69, 84, 86, 171, 202]",8,6,0.9914,0.8562,0.8333,0.6250,0.7143
Q55A00,406,"[136, 190, 194]","[136, 190]",3,2,1.0000,1.0000,1.0000,0.6667,0.8000
Q8H215,68,"[18, 19, 48]",[48],3,1,0.9795,0.8095,1.0000,0.3333,0.5000
Q02863,499,"[62, 407]","[62, 407]",2,2,1.0000,1.0000,1.0000,1.0000,1.0000
O45797,908,"[531, 625]","[531, 625]",2,2,1.0000,1.0000,1.0000,1.0000,1.0000
Q9VUY0,698,"[232, 265, 266, 347, 425, 427, 500]","[265, 266, 347, 425, 427]",7,5,0.9977,0.8691,1.0000,0.7143,0.8333
P23382,687,"[266, 267, 270]","[196, 266, 267, 270, 276, 423, 482]",3,7,0.9981,0.8095,0.4286,1.0000,0.6000
B2AM55,430,"[301, 311, 399]",[399],3,1,0.9625,0.5756,1.0000,0.3333,0.5000
P74297,574,"[65, 163]","[65, 163]",2,2,1.0000,1.0000,1.0000,1.0000,1.0000
B6H6L7,399,"[57, 60, 170]","[57, 60, 170]",3,3,1.0000,1.0000,1.0000,1.0000,1.0000
F1SY74,613,[526],[526],1,1,1.0000,1.0000,1.0000,1.0000,1.0000
Q0WSX8,255,[83],[],1,0,1.0000,1.0000,0.0000,0.0000,0.0000
Q86JJ0,312,"[85, 133, 138, 183]","[107, 133, 161, 183, 299]",4,5,0.9943,0.7500,0.4000,0.5000,0.4444
Q67SW0,517,"[14, 64, 125, 187, 193, 334, 401, 405, 442, 443, 461]","[14, 125, 401, 405, 426, 427, 442, 443, 461]",11,9,0.9964,0.8401,0.7778,0.6364,0.7000
Q4FS72,431,"[173, 205, 256, 320, 346]","[173, 205, 256, 320, 346]",5,5,1.0000,1.0000,1.0000,1.0000,1.0000
P43337,192,"[83, 87]","[83, 87]",2,2,1.0000,1.0000,1.0000,1.0000,1.0000
Q9XTD6,384,"[164, 165, 168, 174]","[164, 165, 168, 174]",4,4,1.0000,1.0000,1.0000,1.0000,1.0000
Q9VQN8,523,[253],[34],1,1,0.7720,0.0083,0.0000,0.0000,0.0000
O06335,552,"[48, 445]","[48, 445, 472]",2,3,1.0000,1.0000,0.6667,1.0000,0.8000
P9WNE5,181,"[22, 55, 58, 99, 132]","[22, 55, 58, 99, 132]",5,5,1.0000,1.0000,1.0000,1.0000,1.0000
O32183,127,[2],[2],1,1,1.0000,1.0000,1.0000,1.0000,1.0000
P75430,164,"[50, 55, 124, 125, 153, 154]",[154],6,1,0.8544,0.3421,1.0000,0.1667,0.2857
Q84BQ9,254,"[107, 128, 149, 175, 191]","[107, 149]",5,2,0.9847,0.8417,1.0000,0.4000,0.5714
Q9L9E9,288,"[103, 127, 131]","[103, 104, 127, 131, 153, 184]",3,6,0.9965,0.7556,0.5000,1.0000,0.6667
Q9LUS8,493,"[180, 181, 408, 471]","[180, 181, 408, 471]",4,4,1.0000,1.0000,1.0000,1.0000,1.0000
Q04751,285,"[116, 185, 186, 228, 233]","[116, 183, 185, 186, 228, 233, 250]",5,7,1.0000,1.0000,0.7143,1.0000,0.8333
Q8ZZP3,131,"[6, 100, 118]","[6, 99, 100, 118]",3,4,1.0000,1.0000,0.7500,1.0000,0.8571
Q6B9Y8,889,"[125, 128, 143, 148, 225, 237, 239, 286, 387, 419, 423]","[225, 237, 239, 286, 387, 419, 423]",11,7,1.0000,1.0000,1.0000,0.6364,0.7778
Q5VZV1,264,"[92, 141, 172, 193]","[141, 193]",4,2,0.9990,0.9500,1.0000,0.5000,0.6667
P53720,384,"[88, 117, 160, 188]","[88, 117, 160, 188]",4,4,1.0000,1.0000,1.0000,1.0000,1.0000
B6PLN3,105,[48],"[48, 72]",1,2,1.0000,1.0000,0.5000,1.0000,0.6667
P91828,360,"[165, 166, 169, 175]","[165, 166, 169, 175]",4,4,1.0000,1.0000,1.0000,1.0000,1.0000
Q24488,685,"[442, 539]","[442, 539]",2,2,1.0000,1.0000,1.0000,1.0000,1.0000
F4JNL3,356,"[157, 294, 314]","[157, 294, 314]",3,3,1.0000,1.0000,1.0000,1.0000,1.0000
P41734,238,"[12, 53, 83, 187, 190]","[12, 187, 190]",5,3,0.9803,0.7718,1.0000,0.6000,0.7500
P30043,206,"[35, 132, 153, 154]",[128],4,1,0.9678,0.3353,0.0000,0.0000,0.0000
B1L6M8,590,"[90, 125, 278, 280, 283]","[280, 283]",5,2,0.9993,0.9267,1.0000,0.4000,0.5714
Q936X2,605,"[91, 165, 189]","[91, 165, 189]",3,3,1.0000,1.0000,1.0000,1.0000,1.0000
P96630,169,"[75, 76, 79]","[75, 76, 79, 103]",3,4,1.0000,1.0000,0.7500,1.0000,0.8571
Q99558,947,"[429, 515]","[429, 515]",2,2,1.0000,1.0000,1.0000,1.0000,1.0000
A6R104,205,[162],"[146, 162]",1,2,1.0000,1.0000,0.5000,1.0000,0.6667
Q7M0R2,274,"[133, 156, 198, 207]","[156, 198]",4,2,0.9602,0.5744,1.0000,0.5000,0.6667
C1F1C7,325,"[172, 267]","[12, 172, 267]",2,3,1.0000,1.0000,0.6667,1.0000,0.8000
O28242,313,"[57, 121, 190, 226]",[121],4,1,0.9895,0.6708,1.0000,0.2500,0.4000
O42773,639,"[120, 122, 148, 180, 181, 229, 311]","[120, 122, 148, 180, 181, 229, 311, 430]",7,8,1.0000,1.0000,0.8750,1.0000,0.9333
O94702,822,"[161, 173, 207, 208, 234, 306, 307]","[161, 173, 207, 208, 234, 282, 296, 306, 307]",7,9,1.0000,1.0000,0.7778,1.0000,0.8750
Q3S8P9,359,"[32, 92, 155, 186, 227, 341]","[32, 117, 155, 186, 227, 341]",6,6,0.9958,0.7659,0.8333,0.8333,0.8333
Q28CZ9,523,"[89, 112]","[89, 112, 290, 353, 402, 471, 503]",2,7,0.9952,0.6429,0.2857,1.0000,0.4444
B7XHR6,595,"[96, 188]","[96, 188]",2,2,1.0000,1.0000,1.0000,1.0000,1.0000
Q9C533,596,[193],"[193, 208]",1,2,0.9983,0.5000,0.5000,1.0000,0.6667
Q12303,508,"[81, 288]","[81, 288]",2,2,1.0000,1.0000,1.0000,1.0000,1.0000
P21514,362,"[127, 141, 200, 232, 262, 286, 341]","[141, 232, 262, 263, 283, 319, 339]",7,7,0.9706,0.3882,0.4286,0.4286,0.4286
A1B8Z0,320,"[67, 110, 159, 199, 226, 291]","[67, 110, 111, 159, 222]",6,5,0.9841,0.7106,0.6000,0.5000,0.5455
P37349,472,"[9, 169, 430]","[9, 169, 430]",3,3,1.0000,1.0000,1.0000,1.0000,1.0000
Q8T0S6,669,"[71, 161]","[71, 161]",2,2,1.0000,1.0000,1.0000,1.0000,1.0000
Q9I5W4,923,"[696, 697, 700]","[696, 697, 700, 716]",3,4,0.9993,0.8056,0.7500,1.0000,0.8571
Q9XSL6,776,"[170, 340, 341, 344, 350]","[170, 340, 341, 344, 350]",5,5,1.0000,1.0000,1.0000,1.0000,1.0000
P54511,278,"[150, 165]","[85, 150, 165]",2,3,1.0000,1.0000,0.6667,1.0000,0.8000
P77791,183,"[83, 113, 140, 158, 178, 181]",[113],6,1,0.9623,0.4425,1.0000,0.1667,0.2857
Q9LIG0,330,"[120, 122, 313]","[120, 122, 313]",3,3,1.0000,1.0000,1.0000,1.0000,1.0000
A0A1U8QFC3,553,[493],[493],1,1,1.0000,1.0000,1.0000,1.0000,1.0000
Q0V147,789,"[240, 251, 375, 416]","[223, 240, 251, 336, 343, 375, 416]",4,7,1.0000,1.0000,0.5714,1.0000,0.7273
Q55CS8,695,[639],[639],1,1,1.0000,1.0000,1.0000,1.0000,1.0000
P23298,683,"[384, 479]","[384, 479]",2,2,1.0000,1.0000,1.0000,1.0000,1.0000
Q96329,436,"[181, 207, 288, 324, 381, 385, 409, 428]","[313, 324]",8,2,0.8981,0.3683,0.5000,0.1250,0.2000
O93939,498,"[218, 341]","[218, 300, 341]",2,3,1.0000,1.0000,0.6667,1.0000,0.8000
Q23544,508,"[274, 404, 448]","[274, 404, 408, 448]",3,4,1.0000,1.0000,0.7500,1.0000,0.8571
P55356,474,"[101, 242, 244, 246]","[101, 102, 242, 244, 246]",4,5,1.0000,1.0000,0.8000,1.0000,0.8889
Q9FK51,351,"[63, 66, 94, 133, 173, 184, 186, 188, 216, 219, 255, 310, 321]","[63, 66, 133, 184, 186]",13,5,0.9665,0.7758,1.0000,0.3846,0.5556
Q54528,298,"[102, 248, 276]","[32, 102, 219, 248, 276]",3,5,1.0000,1.0000,0.6000,1.0000,0.7500
E7EZI4,430,[159],[159],1,1,1.0000,1.0000,1.0000,1.0000,1.0000
Q8VIV2,233,[2],[2],1,1,1.0000,1.0000,1.0000,1.0000,1.0000
O14156,383,"[92, 308, 347]","[92, 93, 308, 347]",3,4,1.0000,1.0000,0.7500,1.0000,0.8571
P22216,821,"[227, 319]","[227, 319]",2,2,1.0000,1.0000,1.0000,1.0000,1.0000
P04635,641,"[369, 535, 559, 599, 600, 602, 607, 610]","[369, 559, 600]",8,3,0.9408,0.5636,1.0000,0.3750,0.5455
P39840,325,"[177, 230, 283]","[74, 101, 177, 230, 283]",3,5,0.9979,0.8667,0.6000,1.0000,0.7500
Q54970,591,"[441, 468, 470]","[53, 441, 468]",3,3,0.9983,0.6389,0.6667,0.6667,0.6667
Q9HKT1,262,"[72, 85, 137, 138, 145, 149, 163]",[145],7,1,0.9081,0.4876,1.0000,0.1429,0.2500
P15109,197,[130],[],1,0,0.9184,0.0588,0.0000,0.0000,0.0000
Q5A3P6,947,"[269, 325, 364, 368, 382]","[269, 364]",5,2,0.9975,0.7548,1.0000,0.4000,0.5714
Q9XB60,250,[131],"[131, 229, 248]",1,3,1.0000,1.0000,0.3333,1.0000,0.5000
Q5FR18,303,"[89, 120, 195, 217, 222]","[89, 120, 195, 217, 222]",5,5,1.0000,1.0000,1.0000,1.0000,1.0000
C7EXL6,666,[301],"[301, 355, 431]",1,3,0.9970,0.3333,0.3333,1.0000,0.5000
A0A2P1BT06,707,[267],"[138, 139, 267, 364, 534, 700]",1,6,0.9929,0.1667,0.1667,1.0000,0.2857
Q54ME1,448,"[262, 397, 415]","[262, 397, 415]",3,3,1.0000,1.0000,1.0000,1.0000,1.0000
P51599,313,"[202, 205, 273]","[202, 204, 205, 209, 273]",3,5,1.0000,1.0000,0.6000,1.0000,0.7500
C4LK80,720,"[314, 439, 488, 684]","[488, 513, 516, 597]",4,4,0.9885,0.4782,0.2500,0.2500,0.2500
Q54QG0,769,"[53, 226, 509, 654]","[108, 110]",4,2,0.6755,0.1082,0.0000,0.0000,0.0000
A2PU44,601,[130],[526],1,1,0.9783,0.0714,0.0000,0.0000,0.0000
P53219,342,"[152, 319]","[152, 176, 319]",2,3,1.0000,1.0000,0.6667,1.0000,0.8000
Q9ZQ31,411,"[157, 256]","[157, 256]",2,2,1.0000,1.0000,1.0000,1.0000,1.0000
Q9C5S1,784,[235],[],1,0,1.0000,1.0000,0.0000,0.0000,0.0000
Q17577,540,"[415, 430, 522]","[415, 430, 522]",3,3,1.0000,1.0000,1.0000,1.0000,1.0000
P30269,976,"[243, 284, 293, 323, 327, 375, 447]","[243, 293, 323, 375, 447]",7,5,0.9851,0.7659,1.0000,0.7143,0.8333
S0DS17,369,[303],[303],1,1,1.0000,1.0000,1.0000,1.0000,1.0000
Q5WB95,207,[10],[10],1,1,1.0000,1.0000,1.0000,1.0000,1.0000
Q4PHZ2,517,[319],"[319, 379, 427]",1,3,1.0000,1.0000,0.3333,1.0000,0.5000
Q6LX63,566,"[66, 85, 88, 229, 355, 360, 441, 458, 460, 468, 528]","[66, 85, 87, 88, 198, 229, 355, 441, 460, 468]",11,10,0.9975,0.8788,0.8000,0.7273,0.7619
Q9ZJ81,284,"[70, 167, 169, 177, 236]","[70, 150, 169, 177]",5,4,0.9964,0.8262,0.7500,0.6000,0.6667
Q8L493,373,"[128, 222, 255]",[],3,0,0.9982,0.8056,0.0000,0.0000,0.0000
P95481,361,"[313, 321, 332]","[313, 332]",3,2,0.9972,0.8333,1.0000,0.6667,0.8000
P23872,319,"[165, 262, 292]","[165, 262, 292]",3,3,1.0000,1.0000,1.0000,1.0000,1.0000
Q4PSE8,447,"[69, 70, 231, 270]","[69, 70, 231, 270]",4,4,1.0000,1.0000,1.0000,1.0000,1.0000
Q54PK9,908,"[300, 355, 394, 398, 412]","[300, 394]",5,2,0.9982,0.7593,1.0000,0.4000,0.5714
Q8THG6,411,"[15, 19, 22]",[22],3,1,1.0000,1.0000,1.0000,0.3333,0.5000
Q6AIT8,226,"[9, 59, 119, 146, 187, 208, 212]","[9, 59, 119, 146, 187, 208, 212]",7,7,1.0000,1.0000,1.0000,1.0000,1.0000
P21182,396,"[29, 32, 88, 102, 287, 301]",[],6,0,0.9859,0.5849,0.0000,0.0000,0.0000
O77081,380,"[100, 159, 184, 192, 196, 239, 284, 299]",[184],8,1,0.9852,0.5542,1.0000,0.1250,0.2222
Q4WD45,574,"[394, 431, 433]","[235, 271, 316, 392, 394, 431, 435]",3,7,0.9953,0.7576,0.2857,0.6667,0.4000
P0A7A5,208,[59],"[59, 104]",1,2,0.9952,0.5000,0.5000,1.0000,0.6667
A5FZN7,223,"[16, 37, 41, 52, 118]","[16, 37, 41, 52, 118]",5,5,1.0000,1.0000,1.0000,1.0000,1.0000
P12546,264,"[68, 126, 218]","[68, 126, 218]",3,3,1.0000,1.0000,1.0000,1.0000,1.0000
A8BQJ3,754,"[336, 404, 407, 649, 720, 723]","[340, 407, 653, 723]",6,4,0.9978,0.7190,0.5000,0.3333,0.4000
Q8NE63,616,"[40, 136]","[40, 136]",2,2,1.0000,1.0000,1.0000,1.0000,1.0000
P33180,494,"[38, 53, 64, 224, 228, 256]","[38, 42, 53, 224, 228, 256]",6,6,0.9399,0.7778,0.8333,0.8333,0.8333
Q9FM79,380,"[164, 198, 220, 221, 242, 298, 300]","[164, 198, 220, 221, 242, 298, 300]",7,7,1.0000,1.0000,1.0000,1.0000,1.0000
P41654,334,"[11, 14, 41]","[11, 14, 41]",3,3,1.0000,1.0000,1.0000,1.0000,1.0000
Q9HV27,393,"[180, 220, 221, 249, 281, 282]","[17, 18, 61, 63, 113, 137, 180, 221, 224, 281, 310]",6,11,0.9854,0.5118,0.2727,0.5000,0.3529
O34705,259,"[88, 206, 236]","[88, 206, 236]",3,3,1.0000,1.0000,1.0000,1.0000,1.0000
Q02595,510,"[140, 230]","[140, 230]",2,2,1.0000,1.0000,1.0000,1.0000,1.0000
O02002,323,"[154, 196]","[154, 196]",2,2,1.0000,1.0000,1.0000,1.0000,1.0000
O25503,262,"[29, 83, 155]","[29, 59, 83, 101, 146]",3,5,0.9730,0.4343,0.4000,0.6667,0.5000
P38838,269,"[115, 116, 119, 125]","[115, 116, 119, 125]",4,4,1.0000,1.0000,1.0000,1.0000,1.0000
P84142,91,"[20, 38]","[20, 38]",2,2,1.0000,1.0000,1.0000,1.0000,1.0000
Q0P9D4,590,"[351, 355, 397, 409, 433, 441, 458, 523, 526]",[409],9,1,0.9312,0.4035,1.0000,0.1111,0.2000
Q869L4,793,"[46, 138]","[46, 138]",2,2,1.0000,1.0000,1.0000,1.0000,1.0000
Q2UPB4,334,"[93, 122, 294]","[62, 122, 294]",3,3,0.9990,0.9167,0.6667,0.6667,0.6667
D3DFS4,334,[93],[],1,0,0.9910,0.2500,0.0000,0.0000,0.0000
E4N7E5,320,"[75, 78, 79, 83, 171, 217, 221, 225]","[78, 171, 217, 221, 225]",8,5,0.9984,0.9503,1.0000,0.6250,0.7692
Q7Z9M7,249,"[20, 108, 195]","[20, 184, 193]",3,3,0.9946,0.7000,0.3333,0.3333,0.3333
Q2NL51,490,"[148, 244]","[148, 244]",2,2,1.0000,1.0000,1.0000,1.0000,1.0000
P16854,540,"[191, 324, 442]","[191, 324, 442]",3,3,1.0000,1.0000,1.0000,1.0000,1.0000
Q86KK2,149,"[28, 84, 97, 99]",[97],4,1,0.9724,0.5457,1.0000,0.2500,0.4000
P42790,587,"[295, 299, 502, 543, 544, 559, 561, 563]","[295, 299, 385, 502]",8,4,0.9722,0.6674,0.7500,0.3750,0.5000
O26901,690,[26],[367],1,1,0.9666,0.0417,0.0000,0.0000,0.0000
A0A166YZU9,392,[353],[353],1,1,1.0000,1.0000,1.0000,1.0000,1.0000
P27874,430,"[333, 346]","[25, 157, 333, 346]",2,4,1.0000,1.0000,0.5000,1.0000,0.6667
Q06522,304,[109],"[109, 255, 289]",1,3,1.0000,1.0000,0.3333,1.0000,0.5000
L0E155,667,"[48, 70, 79, 82, 108, 144, 168, 399, 412, 494, 597, 600, 613, 616]","[144, 399]",14,2,0.9783,0.6055,1.0000,0.1429,0.2500
Q9VHV1,737,"[21, 26, 58, 113, 114]","[21, 23, 113, 114]",5,4,0.9943,0.7222,0.7500,0.6000,0.6667
Q98KK0,383,"[201, 203, 344]","[201, 203, 344]",3,3,1.0000,1.0000,1.0000,1.0000,1.0000
Q9Y7L4,409,"[86, 386, 389, 395]","[86, 209, 386, 389, 395]",4,5,1.0000,1.0000,0.8000,1.0000,0.8889
P9WLL7,137,[67],[117],1,1,0.6176,0.0189,0.0000,0.0000,0.0000
P33663,242,"[69, 103, 120]","[35, 39, 69, 85, 102, 103, 120, 214]",3,8,1.0000,1.0000,0.3750,1.0000,0.5455
Q9JJN0,694,"[13, 14, 61, 115, 116, 616, 619, 631, 635]","[13, 115]",9,2,0.9809,0.7333,1.0000,0.2222,0.3636
Q9SJA1,672,"[64, 67, 75, 78, 84, 88, 97, 101, 183, 439]","[97, 183, 439]",10,3,0.9959,0.7921,1.0000,0.3000,0.4615
P0CD62,966,"[729, 825]","[729, 825]",2,2,1.0000,1.0000,1.0000,1.0000,1.0000
Q01198,305,"[144, 157]","[144, 157, 161]",2,3,1.0000,1.0000,0.6667,1.0000,0.8000
Q4WEE0,236,[131],[131],1,1,1.0000,1.0000,1.0000,1.0000,1.0000
Q57749,294,"[116, 186, 228, 265]","[80, 82, 84, 85, 208, 210, 237, 265, 266]",4,9,0.7259,0.0866,0.1111,0.2500,0.1538
P34205,556,[333],[],1,0,0.9964,0.3333,0.0000,0.0000,0.0000
O83859,366,[44],[44],1,1,1.0000,1.0000,1.0000,1.0000,1.0000
Q54XL6,574,"[126, 221]","[126, 221]",2,2,1.0000,1.0000,1.0000,1.0000,1.0000
D3KVM6,183,[113],[114],1,1,0.9835,0.2500,0.0000,0.0000,0.0000
Q9ZI86,511,"[269, 330, 382]","[269, 330, 382]",3,3,1.0000,1.0000,1.0000,1.0000,1.0000
Q9Z175,754,"[608, 610, 612]","[72, 137, 139, 399, 608, 610, 612]",3,7,0.9987,0.6389,0.4286,1.0000,0.6000
S0DQ98,338,[227],[227],1,1,1.0000,1.0000,1.0000,1.0000,1.0000
B0R9W6,257,"[44, 48, 52, 55, 57, 90, 92]","[44, 48, 52, 55, 90, 92, 180]",7,7,0.9989,0.9683,0.8571,0.8571,0.8571
O54571,239,"[75, 80, 142]","[98, 142, 168]",3,3,0.9732,0.2611,0.3333,0.3333,0.3333
C0SPA0,718,"[406, 435, 525]","[219, 404, 406, 435, 525]",3,5,1.0000,1.0000,0.6000,1.0000,0.7500
Q7UK67,227,"[124, 149]","[124, 149]",2,2,1.0000,1.0000,1.0000,1.0000,1.0000
Q9HLE6,410,"[25, 115, 183, 293, 320, 321, 324, 365, 391]","[25, 115, 183, 186, 293, 320, 321, 324, 365, 391]",9,10,0.9997,0.9889,0.9000,1.0000,0.9474
Q54CD6,697,[233],[373],1,1,0.9813,0.0714,0.0000,0.0000,0.0000
Q5B998,368,"[95, 119, 212, 227]","[95, 119, 212, 227]",4,4,1.0000,1.0000,1.0000,1.0000,1.0000
O45686,393,"[140, 159, 318, 331]","[140, 156, 318]",4,3,0.9961,0.7292,0.6667,0.5000,0.5714
Q7XQZ6,445,"[40, 127, 166, 196, 234, 237, 312, 322, 325, 341, 363, 402, 406, 410, 414]","[40, 322, 363]",15,3,0.9704,0.6324,1.0000,0.2000,0.3333
Q54Y55,506,"[51, 147]","[51, 147]",2,2,1.0000,1.0000,1.0000,1.0000,1.0000
Q54F47,495,[441],[441],1,1,1.0000,1.0000,1.0000,1.0000,1.0000
Q1ZXC8,691,"[47, 137]","[47, 137]",2,2,1.0000,1.0000,1.0000,1.0000,1.0000
Q8C2P3,475,"[79, 108, 147, 175]","[79, 108, 147, 175]",4,4,1.0000,1.0000,1.0000,1.0000,1.0000
Q08548,619,"[146, 297, 382]","[344, 382]",3,2,0.9610,0.3764,0.5000,0.3333,0.4000
P0CU70,538,[472],[472],1,1,1.0000,1.0000,1.0000,1.0000,1.0000
Q503I8,644,"[236, 239, 268, 271, 294, 321, 338]","[236, 239, 268, 271, 294, 296, 321]",7,7,0.9996,0.9683,0.8571,0.8571,0.8571
P25472,584,"[159, 264]","[159, 264]",2,2,1.0000,1.0000,1.0000,1.0000,1.0000
J3K844,303,"[50, 70, 72, 118]","[50, 70, 84, 118]",4,4,0.9975,0.8042,0.7500,0.7500,0.7500
Q9FI61,192,[88],[88],1,1,1.0000,1.0000,1.0000,1.0000,1.0000
P06279,549,"[139, 196, 218, 220, 231, 237, 238, 239, 268, 272, 298, 337, 339, 365, 440, 441, 464]","[268, 298, 365]",17,3,0.8259,0.4285,1.0000,0.1765,0.3000
O16977,651,"[291, 292, 295, 301]","[291, 292, 295, 301]",4,4,1.0000,1.0000,1.0000,1.0000,1.0000
Q9F3C7,314,"[194, 195, 208, 210, 272, 277]",[272],6,1,0.8615,0.5360,1.0000,0.1667,0.2857
C0QRQ2,403,"[150, 273]","[148, 150, 246]",2,3,0.9763,0.3000,0.3333,0.5000,0.4000
Q3E989,512,"[302, 324, 325, 346, 415, 417]","[324, 325, 346, 417]",6,4,0.9993,0.9583,1.0000,0.6667,0.8000
C0LGK4,915,"[555, 657]",[555],2,1,0.9995,0.8333,1.0000,0.5000,0.6667
P41963,199,"[89, 91, 106, 114, 123, 126, 163]","[89, 91, 106, 114, 123, 126, 163]",7,7,1.0000,1.0000,1.0000,1.0000,1.0000
Q7ZVS8,743,"[121, 152, 171, 239, 279]","[121, 152, 239, 279]",5,4,1.0000,1.0000,1.0000,0.8000,0.8889
Q7Z5A4,293,"[120, 166, 267]","[120, 166, 267]",3,3,1.0000,1.0000,1.0000,1.0000,1.0000
Q74CU0,880,"[500, 502, 579, 632, 661]","[11, 13, 72, 98, 99, 500, 502]",5,7,0.9806,0.2000,0.2857,0.4000,0.3333
O29867,868,"[47, 81, 154, 161, 162, 163, 360, 426, 618]","[47, 154, 161, 162, 163, 360, 426, 618]",9,8,0.9987,0.9415,1.0000,0.8889,0.9412
Q1ECV4,771,"[390, 392]","[390, 392]",2,2,1.0000,1.0000,1.0000,1.0000,1.0000
Q9S850,393,"[98, 202, 207]","[98, 202, 207]",3,3,1.0000,1.0000,1.0000,1.0000,1.0000
Q9FXG2,463,"[153, 239, 376]","[273, 380, 387, 398]",3,4,0.9290,0.0764,0.0000,0.0000,0.0000
Q796K8,704,[415],"[18, 415]",1,2,1.0000,1.0000,0.5000,1.0000,0.6667
O57712,389,"[233, 238, 260, 277, 304, 327]","[233, 238, 260, 277, 283, 304, 327]",6,7,1.0000,1.0000,0.8571,1.0000,0.9231
B0G0Y8,466,"[213, 217, 253, 254, 364]","[213, 217, 253, 254, 257, 364]",5,6,1.0000,1.0000,0.8333,1.0000,0.9091
Q9K8X1,427,"[62, 64, 141, 194, 225]","[62, 64, 137, 187]",5,4,0.9834,0.5876,0.5000,0.4000,0.4444
E6R427,286,"[133, 138, 141, 181]","[119, 133, 138, 141, 181]",4,5,1.0000,1.0000,0.8000,1.0000,0.8889
Q54TH6,597,"[361, 454]","[361, 454]",2,2,1.0000,1.0000,1.0000,1.0000,1.0000
Q84MA1,599,"[328, 355, 465, 516]","[328, 333, 355, 465, 471, 493, 516]",4,7,1.0000,1.0000,0.5714,1.0000,0.7273
P45951,536,"[282, 313, 389, 429, 431, 501, 526, 527]","[284, 313, 429, 431, 501, 527]",8,6,0.9991,0.9318,0.8333,0.6250,0.7143
E5A7D6,551,[495],[495],1,1,1.0000,1.0000,1.0000,1.0000,1.0000
Q20085,468,"[135, 224, 229, 242]","[135, 224]",4,2,1.0000,1.0000,1.0000,0.5000,0.6667
Q9YDW0,471,"[112, 166, 310]","[112, 166, 257]",3,3,0.9979,0.8333,0.6667,0.6667,0.6667
Q7RX33,876,"[88, 119, 125, 146, 202, 242, 413, 506, 510]","[88, 119, 125, 146, 202, 242, 410, 413, 506, 510, 826]",9,11,0.9987,0.8223,0.8182,1.0000,0.9000
Q9N2V9,760,"[502, 506, 542, 543, 656]","[502, 506, 542, 543, 546, 656, 659]",5,7,0.9995,0.9429,0.7143,1.0000,0.8333
A5JTM5,269,"[24, 90, 114, 145, 257]","[114, 137]",5,2,0.9212,0.3434,0.5000,0.2000,0.2857
P83179,140,[70],"[7, 96, 138]",1,3,0.8993,0.0667,0.0000,0.0000,0.0000
Q8C015,719,"[478, 568]","[478, 568]",2,2,1.0000,1.0000,1.0000,1.0000,1.0000
Q06584,689,"[656, 681, 685]","[188, 656, 657, 681, 685]",3,5,0.9990,0.8667,0.6000,1.0000,0.7500
Q9RV39,434,"[33, 35, 96, 177]","[35, 138, 223, 230, 256, 257, 278, 310, 342]",4,9,0.9674,0.2337,0.1111,0.2500,0.1538
Q7M438,223,"[63, 113, 117]","[63, 112, 113, 117]",3,4,1.0000,1.0000,0.7500,1.0000,0.8571
P28321,313,"[123, 251, 281]","[123, 251, 281]",3,3,1.0000,1.0000,1.0000,1.0000,1.0000
Q83GI1,293,"[117, 218]","[25, 27, 117, 218]",2,4,0.9983,0.8333,0.5000,1.0000,0.6667
O22827,198,[123],"[107, 123]",1,2,0.9949,0.5000,0.5000,1.0000,0.6667
Q8NB12,490,"[52, 55, 65, 68, 74, 78, 86, 90, 135, 208, 274, 276, 279]","[52, 55, 65, 68, 74, 78, 86, 90, 208, 274, 276, 279]",13,12,0.9786,0.9299,1.0000,0.9231,0.9600
Q6ZQ88,853,"[290, 309, 311, 317, 802]","[309, 317, 591, 802]",5,4,0.9983,0.7417,0.7500,0.6000,0.6667
P53314,239,"[39, 41, 150, 152, 155]","[39, 41, 150, 152, 155]",5,5,1.0000,1.0000,1.0000,1.0000,1.0000
Q03161,297,"[57, 81, 86, 159, 203, 264]","[57, 81, 82, 86, 159, 203, 264]",6,7,0.9983,0.9151,0.8571,1.0000,0.9231
P47473,721,"[159, 176, 183, 204, 213, 384, 386, 388, 413, 694, 695, 716, 719]","[159, 176, 183, 204, 213, 363, 384, 386, 388, 413, 694, 695]",13,12,0.9988,0.9606,0.9167,0.8462,0.8800
Q8W583,190,[66],[66],1,1,1.0000,1.0000,1.0000,1.0000,1.0000
Q7MUW6,732,"[603, 678, 710]","[603, 678, 710]",3,3,1.0000,1.0000,1.0000,1.0000,1.0000
Q83WC3,277,"[171, 172]","[95, 100, 140, 141, 144, 145]",2,6,0.7309,0.0279,0.0000,0.0000,0.0000
P10478,837,"[645, 754]","[172, 230, 260, 302, 304, 415, 645, 754]",2,8,0.9976,0.6667,0.2500,1.0000,0.4000
Q8RV79,351,"[163, 184, 192, 250]","[163, 192]",4,2,0.9978,0.8542,1.0000,0.5000,0.6667
Q99396,572,"[274, 317]","[274, 317]",2,2,1.0000,1.0000,1.0000,1.0000,1.0000
Q8SV03,411,"[66, 68]","[66, 68, 174]",2,3,1.0000,1.0000,0.6667,1.0000,0.8000
Q9YD20,163,"[66, 69, 96, 99]","[66, 69, 96, 99]",4,4,1.0000,1.0000,1.0000,1.0000,1.0000
P25524,427,"[62, 64, 157, 215, 218, 247, 314, 320]","[62, 64, 215, 218, 247, 314]",8,6,0.9582,0.8662,1.0000,0.7500,0.8571
H2VFI5,377,[212],"[100, 122, 284]",1,3,0.0612,0.0028,0.0000,0.0000,0.0000
O59923,519,"[348, 356, 359, 380, 383, 472]","[296, 299, 348, 356, 359, 380, 383, 472]",6,8,1.0000,1.0000,0.7500,1.0000,0.8571
O13924,488,"[184, 305]","[184, 305]",2,2,1.0000,1.0000,1.0000,1.0000,1.0000
Q6QWR1,621,"[454, 456, 553, 596]",[553],4,1,0.9696,0.4891,1.0000,0.2500,0.4000
P04390,245,"[45, 74, 90, 92]","[45, 74]",4,2,0.9990,0.9500,1.0000,0.5000,0.6667
Q10056,589,"[343, 434]","[343, 434]",2,2,1.0000,1.0000,1.0000,1.0000,1.0000
O67766,126,"[76, 78, 97]","[76, 86, 97]",3,3,0.9946,0.8667,0.6667,0.6667,0.6667
P95442,481,"[74, 76, 245, 331]","[74, 76, 245, 248, 280, 331]",4,6,1.0000,1.0000,0.6667,1.0000,0.8000
P22320,488,"[62, 65, 458, 461]","[62, 65, 391, 458, 461]",4,5,1.0000,1.0000,0.8000,1.0000,0.8889
A9A1T2,457,"[148, 190]","[102, 110, 145, 148, 152, 190, 406]",2,7,1.0000,1.0000,0.2857,1.0000,0.4444
Q8T2I5,480,"[25, 114, 116]","[25, 116]",3,2,0.9965,0.7917,1.0000,0.6667,0.8000
A1JHZ3,331,"[12, 104, 129, 156, 164, 213, 224, 245]",[129],8,1,0.9133,0.3939,1.0000,0.1250,0.2222
I6Y778,454,"[244, 354, 360, 364, 395]","[347, 360]",5,2,0.9644,0.4206,0.5000,0.2000,0.2857
A2BJB7,411,"[50, 89, 99, 110]","[50, 99]",4,2,1.0000,1.0000,1.0000,0.5000,0.6667
Q04458,532,"[236, 273]","[139, 236, 273]",2,3,0.9991,0.8333,0.6667,1.0000,0.8000
Q58DB6,537,"[273, 275, 501]","[273, 275, 501]",3,3,1.0000,1.0000,1.0000,1.0000,1.0000
Q51507,101,"[14, 31, 42, 90]","[14, 31, 42, 50, 54, 90]",4,6,0.9948,0.9167,0.6667,1.0000,0.8000
I1S2J5,505,[450],[450],1,1,1.0000,1.0000,1.0000,1.0000,1.0000
F9US27,490,"[165, 187, 233, 289]","[165, 188, 233, 289]",4,4,0.9038,0.6095,0.7500,0.7500,0.7500
Q8L7S3,809,"[536, 586, 704, 732]","[94, 100, 104, 258, 263, 369, 536, 565, 570, 586, 704, 732, 802]",4,13,1.0000,1.0000,0.3077,1.0000,0.4706
P30899,321,[83],"[83, 86, 147]",1,3,1.0000,1.0000,0.3333,1.0000,0.5000
P21338,268,"[78, 152, 156]","[78, 156]",3,2,1.0000,1.0000,1.0000,0.6667,0.8000
P80874,331,"[52, 57, 84, 175, 214, 227, 286]","[52, 57, 175, 203]",7,4,0.9841,0.5990,0.7500,0.4286,0.5455
G5EFL0,845,"[139, 141]","[139, 141]",2,2,1.0000,1.0000,1.0000,1.0000,1.0000
P9WLH5,364,"[8, 49, 73, 123, 172, 246]","[8, 49, 73, 123, 172, 218, 222, 246, 313]",6,9,0.9977,0.8179,0.6667,1.0000,0.8000
B9WCV6,930,"[177, 189, 222, 223, 248, 319, 320]","[177, 189, 222, 223, 248, 296, 319, 320]",7,8,1.0000,1.0000,0.8750,1.0000,0.9333
H1AAP2,219,"[44, 97, 100]","[44, 97, 100]",3,3,1.0000,1.0000,1.0000,1.0000,1.0000
Q09109,749,"[232, 252, 260, 280]","[232, 252, 260, 280, 482, 595, 693, 702]",4,8,0.9973,0.5250,0.5000,1.0000,0.6667
O58832,342,"[59, 163, 287]","[59, 79, 163, 184, 287]",3,5,0.9980,0.8056,0.6000,1.0000,0.7500
Q12608,517,[461],[461],1,1,1.0000,1.0000,1.0000,1.0000,1.0000
Q7M826,319,"[51, 56, 59, 71, 148, 151, 154, 158, 204, 207, 210, 214]","[51, 56, 59, 71, 148, 151, 154, 158, 163, 204, 207, 210, 214]",12,13,1.0000,1.0000,0.9231,1.0000,0.9600
O74426,338,"[59, 151]","[59, 151]",2,2,1.0000,1.0000,1.0000,1.0000,1.0000
Q5NAI7,512,"[38, 46, 476]","[38, 46, 241, 476]",3,4,1.0000,1.0000,0.7500,1.0000,0.8571
P80909,79,"[13, 16, 19, 23, 49, 52, 55, 59]","[13, 16, 19, 23, 49, 52, 55, 59]",8,8,1.0000,1.0000,1.0000,1.0000,1.0000
P0C218,761,"[48, 53]",[],2,0,0.7688,0.0654,0.0000,0.0000,0.0000
Q9KL03,173,"[33, 41, 75, 84]","[122, 127, 134]",4,3,0.8683,0.1087,0.0000,0.0000,0.0000
P85999,51,"[30, 31]",[30],2,1,0.9796,0.7500,1.0000,0.5000,0.6667
F4I107,388,"[187, 283, 349]","[57, 187, 283, 349]",3,4,0.9991,0.9167,0.7500,1.0000,0.8571
Q9Y899,404,"[47, 141]","[47, 141]",2,2,1.0000,1.0000,1.0000,1.0000,1.0000
O35000,242,"[67, 136, 138, 143]",[138],4,1,0.9863,0.6964,1.0000,0.2500,0.4000
Q11010,857,"[130, 298, 299, 302, 321, 386]","[130, 298, 299, 302, 321]",6,5,0.9994,0.9444,1.0000,0.8333,0.9091
Q7Z5W3,292,"[46, 76, 110, 164]",[110],4,1,0.9861,0.5667,1.0000,0.2500,0.4000
Q9ZGH1,485,"[141, 145, 148]","[141, 145, 148]",3,3,1.0000,1.0000,1.0000,1.0000,1.0000
P42778,408,"[250, 316, 340, 345, 376, 378]","[250, 316, 340, 345, 376, 378]",6,6,1.0000,1.0000,1.0000,1.0000,1.0000
Q58826,359,"[59, 63, 66]","[59, 63, 66, 209]",3,4,1.0000,1.0000,0.7500,1.0000,0.8571
Q10039,742,"[309, 360, 593]",[362],3,1,0.9802,0.1667,0.0000,0.0000,0.0000
B2V8P5,206,"[40, 69, 70, 185]","[41, 53, 69, 185]",4,4,0.9257,0.4682,0.5000,0.5000,0.5000
Q9NGP6,410,"[12, 121, 122, 148, 151, 266]","[121, 122, 151, 266]",6,4,0.9860,0.7718,1.0000,0.6667,0.8000
P85142,62,[48],[48],1,1,1.0000,1.0000,1.0000,1.0000,1.0000
P0DOV3,210,"[67, 70, 71, 88, 91, 92, 140, 143, 144, 152, 155, 156, 186, 189, 190, 205, 208, 209]","[56, 59, 67, 70, 71, 88, 91, 92, 132, 135, 143, 144, 152, 155, 156, 183, 186, 189, 190, 205, 208, 209]",18,22,0.9852,0.7850,0.7727,0.9444,0.8500
Q27895,628,[236],"[73, 188, 236, 282]",1,4,0.9984,0.5000,0.2500,1.0000,0.4000
P76290,247,"[39, 132, 199]",[89],3,1,0.8743,0.0886,0.0000,0.0000,0.0000
Q9SR40,567,"[81, 83, 126, 128, 468, 471, 473, 530, 531, 532, 536]","[81, 83, 126, 128, 468, 471, 473, 530, 531, 532, 536]",11,11,1.0000,1.0000,1.0000,1.0000,1.0000
Q9Z2D7,554,[534],"[94, 534]",1,2,1.0000,1.0000,0.5000,1.0000,0.6667
Q6CH28,545,"[120, 323, 325]","[120, 323, 325]",3,3,1.0000,1.0000,1.0000,1.0000,1.0000
P39153,346,"[40, 63, 67, 72, 123, 127, 147, 149, 157, 187, 201, 240]",[201],12,1,0.9329,0.5836,1.0000,0.0833,0.1538
O16881,388,[188],"[175, 188]",1,2,1.0000,1.0000,0.5000,1.0000,0.6667
Q9V6K3,724,"[475, 580]","[475, 580]",2,2,1.0000,1.0000,1.0000,1.0000,1.0000
Q8VHL1,366,"[245, 317, 335, 356]",[335],4,1,0.8757,0.3355,1.0000,0.2500,0.4000
B8D1G6,347,[150],"[150, 182]",1,2,1.0000,1.0000,0.5000,1.0000,0.6667
Q5YQZ6,552,"[91, 156, 195, 236, 427, 429]","[156, 236, 247, 427, 429, 505]",6,6,0.9960,0.8445,0.6667,0.6667,0.6667
P32138,678,"[288, 405, 408, 472, 537]","[405, 408, 455, 472, 504]",5,5,0.9944,0.7310,0.6000,0.6000,0.6000
Q00983,260,[63],"[63, 66, 111, 201]",1,4,1.0000,1.0000,0.2500,1.0000,0.4000
Q55EC7,960,"[48, 140]","[48, 140]",2,2,1.0000,1.0000,1.0000,1.0000,1.0000
O59179,441,"[97, 138]",[97],2,1,1.0000,1.0000,1.0000,0.5000,0.6667
E9QCD3,513,[194],[194],1,1,1.0000,1.0000,1.0000,1.0000,1.0000
Q9YFM7,308,"[90, 92, 160, 190, 243, 272]","[63, 119, 127, 160]",6,4,0.9752,0.3586,0.2500,0.1667,0.2000
Q4WR17,580,[497],[497],1,1,1.0000,1.0000,1.0000,1.0000,1.0000
Q4WQI1,775,"[64, 419]","[64, 419, 621]",2,3,1.0000,1.0000,0.6667,1.0000,0.8000
Q86AT8,638,"[378, 472]","[378, 472]",2,2,1.0000,1.0000,1.0000,1.0000,1.0000
P27574,550,[470],[470],1,1,1.0000,1.0000,1.0000,1.0000,1.0000
P45436,508,"[317, 360]","[317, 360]",2,2,1.0000,1.0000,1.0000,1.0000,1.0000
Q6AHF2,389,"[70, 139, 205, 303]","[29, 205, 303]",4,3,0.9519,0.5432,0.6667,0.5000,0.5714
I6WU39,101,"[5, 31, 34, 37, 72, 75]","[5, 78]",6,2,0.8105,0.3224,0.5000,0.1667,0.2500
O31857,221,"[11, 14, 125]","[11, 13, 14, 125]",3,4,0.9985,0.9167,0.7500,1.0000,0.8571
Q6GLK2,222,"[148, 172]",[],2,0,0.8045,0.1783,0.0000,0.0000,0.0000
Q5ZX15,350,"[45, 66, 144, 205, 226, 231, 248, 251]","[67, 226, 248]",8,3,0.9773,0.5898,0.6667,0.2500,0.3636
P39074,297,"[42, 94, 213, 216, 218, 273]","[42, 68, 94, 213, 216, 218, 271, 273]",6,8,0.9977,0.8734,0.7500,1.0000,0.8571
Q9STK6,516,"[152, 169]",[150],2,1,0.9981,0.5833,0.0000,0.0000,0.0000
Q74NA6,392,"[45, 48, 55, 57, 106, 129, 148, 157]","[45, 57]",8,2,0.9932,0.8392,1.0000,0.2500,0.4000
Q55CE0,677,"[428, 519]","[428, 519]",2,2,1.0000,1.0000,1.0000,1.0000,1.0000
Q92383,228,"[150, 170]","[150, 170]",2,2,1.0000,1.0000,1.0000,1.0000,1.0000
P13502,92,"[55, 58, 75, 78]","[55, 58, 75, 78]",4,4,1.0000,1.0000,1.0000,1.0000,1.0000
Q87P32,387,[359],[],1,0,0.9741,0.0909,0.0000,0.0000,0.0000
Q9PF20,262,"[8, 9, 40, 92]","[8, 9]",4,2,0.9942,0.7986,1.0000,0.5000,0.6667
Q08968,688,"[156, 220, 227, 338, 339, 348]","[156, 220, 227, 338, 339, 348, 368, 686]",6,8,1.0000,1.0000,0.7500,1.0000,0.8571
Q8PYS1,295,"[51, 54, 83, 90, 94, 99, 100, 174, 175, 212]","[51, 54, 83, 90, 94, 99, 100, 174, 175, 212]",10,10,1.0000,1.0000,1.0000,1.0000,1.0000
Q9ZPY1,198,"[42, 66]",[],2,0,0.9821,0.3750,0.0000,0.0000,0.0000
Q6AUC6,513,"[76, 79, 309, 316, 320, 350, 354, 403, 406]","[76, 79, 348]",9,3,0.9643,0.4778,0.6667,0.2222,0.3333
Q7LKZ6,669,[400],"[400, 504, 625]",1,3,1.0000,1.0000,0.3333,1.0000,0.5000
Q9N0F3,518,"[345, 352, 453]","[352, 405, 453]",3,3,0.9249,0.6751,0.6667,0.6667,0.6667
P14529,326,[151],[151],1,1,1.0000,1.0000,1.0000,1.0000,1.0000
P06652,596,[480],[480],1,1,1.0000,1.0000,1.0000,1.0000,1.0000
Q01490,203,[147],"[145, 151]",1,2,0.8267,0.0278,0.0000,0.0000,0.0000
A0A0K0JFP3,572,"[185, 239, 263, 266, 297, 331, 483]","[116, 140, 239]",7,3,0.9851,0.4215,0.3333,0.1429,0.2000
Q9ACU1,564,"[329, 334, 346, 377, 378, 380, 497, 515]","[75, 79, 82, 86, 87, 196, 199, 202, 203, 279, 329, 334, 372, 377, 380, 497, 515]",8,17,0.9744,0.4566,0.3529,0.7500,0.4800
P38694,644,"[248, 354, 389]","[354, 389]",3,2,1.0000,1.0000,1.0000,0.6667,0.8000
P86226,221,"[1, 5]",[],2,0,0.8151,0.0350,0.0000,0.0000,0.0000
P69816,106,[10],[10],1,1,1.0000,1.0000,1.0000,1.0000,1.0000
Q03942,479,[324],[324],1,1,1.0000,1.0000,1.0000,1.0000,1.0000
Q86AH1,640,"[460, 554, 594]","[440, 442, 460, 476, 554, 594]",3,6,1.0000,1.0000,0.5000,1.0000,0.6667
Q0E2Y1,551,"[254, 255, 312, 340, 378, 394, 413, 417, 419]",[],9,0,0.8942,0.1284,0.0000,0.0000,0.0000
Q97VT7,314,"[22, 24, 137, 170, 199, 256]","[22, 24, 137, 170, 199, 222, 256]",6,7,0.9989,0.9484,0.8571,1.0000,0.9231
Q98RC3,157,"[50, 52, 65, 67, 83]","[52, 67]",5,2,0.9829,0.8188,1.0000,0.4000,0.5714
Q8K009,923,"[128, 164, 694, 728]","[31, 128, 160, 164, 225, 254, 694, 728]",4,8,1.0000,1.0000,0.5000,1.0000,0.6667
Q338P6,329,"[163, 299]","[163, 177, 227, 299]",2,4,0.9985,0.8333,0.5000,1.0000,0.6667
P11928,367,"[64, 76, 78, 149, 211, 214, 231]","[64, 76, 78, 149, 214]",7,5,0.9968,0.8984,1.0000,0.7143,0.8333
P22751,749,"[538, 562, 563, 566, 595]","[131, 538, 562, 563, 566]",5,5,0.9927,0.8313,0.8000,0.8000,0.8000
Q8MYF1,456,"[157, 251]","[157, 251]",2,2,1.0000,1.0000,1.0000,1.0000,1.0000
Q9FE17,473,"[134, 142, 145, 167, 172, 253]","[134, 142, 145, 167, 172, 253]",6,6,1.0000,1.0000,1.0000,1.0000,1.0000
O94266,551,[76],"[76, 366, 403, 456, 460, 486, 528]",1,7,0.9927,0.2000,0.1429,1.0000,0.2500
O50078,540,"[187, 225, 458]","[119, 187]",3,2,0.9745,0.2525,0.5000,0.3333,0.4000
F1SYB2,517,[453],[453],1,1,1.0000,1.0000,1.0000,1.0000,1.0000
Q9FMY3,341,"[51, 153]","[51, 153]",2,2,1.0000,1.0000,1.0000,1.0000,1.0000
P40084,226,"[73, 78, 112, 116]","[73, 78, 112, 116]",4,4,1.0000,1.0000,1.0000,1.0000,1.0000
Q05688,640,"[306, 408]","[306, 408]",2,2,1.0000,1.0000,1.0000,1.0000,1.0000
O06995,226,"[7, 9, 23, 50, 76, 114, 145, 169, 170]","[7, 9, 145, 170]",9,4,0.9892,0.8266,1.0000,0.4444,0.6154
Q4FM31,371,"[15, 22, 148, 201, 221, 223, 247, 255, 278, 346, 355]","[15, 22, 78, 148, 201, 221, 223, 247, 249, 255, 278, 346, 352, 355]",11,14,0.9987,0.9618,0.7857,1.0000,0.8800
Q8UJ09,259,"[104, 168, 200]","[104, 138, 168, 200]",3,4,1.0000,1.0000,0.7500,1.0000,0.8571
Q9LJK1,501,"[218, 219, 226, 243]",[218],4,1,0.9562,0.5119,1.0000,0.2500,0.4000
Q940L4,649,"[385, 446, 560]","[385, 446, 560, 570]",3,4,1.0000,1.0000,0.7500,1.0000,0.8571
Q82P90,481,"[47, 162, 186, 223, 287, 321, 379, 475]","[47, 162, 223, 304]",8,4,0.9654,0.6035,0.7500,0.3750,0.5000
Q8W490,470,"[136, 224]","[136, 224]",2,2,1.0000,1.0000,1.0000,1.0000,1.0000
I6WZK7,504,"[120, 122, 161, 163, 437, 440, 442, 485, 486, 487, 491]","[120, 122, 161, 163, 437, 440, 442, 485, 486, 487, 491, 496]",11,12,0.9998,0.9924,0.9167,1.0000,0.9565
D4AJR9,457,"[130, 135]","[130, 135]",2,2,1.0000,1.0000,1.0000,1.0000,1.0000
A8FAP9,230,"[12, 14, 40, 189]","[14, 40, 163]",4,3,0.9923,0.7500,0.6667,0.5000,0.5714
P10955,505,[194],"[113, 194]",1,2,0.9980,0.5000,0.5000,1.0000,0.6667
L0DSL2,553,"[42, 45, 46, 58, 63, 66, 67, 72, 94, 97, 98, 147, 212, 215, 216, 255, 258, 259, 262, 324, 327, 328, 330, 331, 386, 388, 400, 407, 410, 411, 426, 439, 442, 443, 519]","[42, 45, 46, 58, 63, 66, 67, 72, 94, 97, 98, 212, 215, 255, 258, 259, 262, 324, 327, 328, 400, 407, 410, 411, 426, 439, 442, 443, 519]",35,29,0.9995,0.9929,1.0000,0.8286,0.9062
P50139,332,"[176, 187, 189, 192, 236, 248, 250, 271, 276]","[173, 189, 271]",9,3,0.9911,0.7141,0.6667,0.2222,0.3333
P94544,570,"[193, 195, 240, 339, 341, 371, 410, 437, 465, 526, 528]","[195, 339, 341, 346, 371, 410, 437, 465, 526, 528]",11,10,0.9974,0.9265,0.9000,0.8182,0.8571
Q7Y220,649,"[422, 483, 593]","[422, 483, 600]",3,3,0.9995,0.9167,0.6667,0.6667,0.6667
O87393,435,"[123, 125, 180, 187, 232, 236, 240, 291, 315, 320, 328, 330]","[123, 125, 175, 180, 187, 236, 303]",12,7,0.9555,0.6740,0.7143,0.4167,0.5263
Q6B516,760,"[288, 315, 320, 461, 468, 474]","[288, 315, 320, 468, 474, 736]",6,6,0.9985,0.8631,0.8333,0.8333,0.8333
P44176,274,"[8, 10, 15, 40, 65, 76, 190, 247, 249]","[8, 10, 15, 40, 65, 76, 190, 217, 247, 249]",9,10,1.0000,1.0000,0.9000,1.0000,0.9474
P23857,104,"[67, 93]",[67],2,1,0.9755,0.6429,1.0000,0.5000,0.6667
Q9FFB6,291,"[27, 29, 40, 41, 47, 50, 51, 66, 78, 81, 91, 94, 103, 106, 119, 120, 123, 126, 136, 137, 140, 143, 152, 154]","[27, 29, 47, 50, 51, 66, 91, 94, 119, 143, 152, 163, 182, 190, 202, 205, 241, 244, 259, 262]",24,20,0.9705,0.6608,0.5500,0.4583,0.5000
Q01402,233,"[93, 141, 169, 175, 186, 196, 199]","[169, 175, 199]",7,3,0.9937,0.8992,1.0000,0.4286,0.6000
G3KIM8,394,"[144, 282, 293, 377, 378]","[282, 350]",5,2,0.9589,0.4683,0.5000,0.2000,0.2857
P07003,572,"[50, 210, 292, 297, 382, 433, 460, 462, 465]","[50, 433, 460]",9,3,0.9112,0.5034,1.0000,0.3333,0.5000
P54746,877,"[14, 16, 126, 338]","[14, 16, 126, 182, 338]",4,5,1.0000,1.0000,0.8000,1.0000,0.8889
Q09693,506,"[355, 357, 419]","[357, 419]",3,2,0.9987,0.8667,1.0000,0.6667,0.8000
Q8W566,337,"[133, 135, 234, 291, 296]","[133, 135, 176, 291, 296]",5,5,0.9982,0.9250,0.8000,0.8000,0.8000
F4HWL4,748,"[564, 568, 571, 586, 626]",[564],5,1,0.9911,0.4712,1.0000,0.2000,0.3333
P82902,52,[44],"[44, 48]",1,2,1.0000,1.0000,0.5000,1.0000,0.6667
Q20443,441,"[60, 158]","[60, 158]",2,2,1.0000,1.0000,1.0000,1.0000,1.0000
O74429,920,"[123, 197, 204, 223, 260, 274, 276, 321]",[],8,0,0.9459,0.4481,0.0000,0.0000,0.0000
E1WKT5,318,"[75, 90, 110, 142, 176, 236, 278, 302]","[110, 183, 236, 274, 302]",8,5,0.8230,0.4775,0.6000,0.3750,0.4615
Q9AL94,54,"[6, 9, 39, 42]","[6, 9, 39, 42]",4,4,1.0000,1.0000,1.0000,1.0000,1.0000
Q949R4,269,"[12, 50, 173, 229]","[12, 50, 117, 173, 229]",4,5,0.9991,0.9500,0.8000,1.0000,0.8889
Q22710,414,"[154, 155, 158, 164]","[154, 155, 158, 164]",4,4,1.0000,1.0000,1.0000,1.0000,1.0000
P90518,719,"[350, 352, 364, 366, 369, 432, 433, 501, 544, 579, 586, 653]","[79, 152, 352, 364]",12,4,0.9651,0.3619,0.5000,0.1667,0.2500
P44570,241,"[160, 209, 213]","[158, 160, 209, 213]",3,4,1.0000,1.0000,0.7500,1.0000,0.8571
B2KES3,221,"[61, 131, 146, 164, 167]","[61, 131, 146, 164, 167]",5,5,1.0000,1.0000,1.0000,1.0000,1.0000
C4JUE5,349,"[52, 72, 74, 123]","[52, 72, 74, 88, 123]",4,5,0.9978,0.8042,0.8000,1.0000,0.8889
Q8VZJ9,411,"[147, 247]","[147, 247]",2,2,1.0000,1.0000,1.0000,1.0000,1.0000
Q93Z01,353,"[197, 250, 274]","[32, 250]",3,2,0.9886,0.6270,0.5000,0.3333,0.4000
P36069,295,"[61, 170, 254]","[60, 61, 135, 254]",3,4,0.9943,0.7917,0.5000,0.6667,0.5714
O01775,357,"[35, 137]","[35, 137]",2,2,1.0000,1.0000,1.0000,1.0000,1.0000
P43154,814,"[477, 478, 481]","[477, 478, 481, 505, 549]",3,5,0.9988,0.6389,0.6000,1.0000,0.7500
B3PIB0,358,"[160, 205, 255, 333, 335]","[125, 160, 205, 255, 335]",5,5,0.9807,0.8256,0.8000,0.8000,0.8000
Q4V399,433,"[317, 322, 324, 330]","[317, 322, 324, 330]",4,4,1.0000,1.0000,1.0000,1.0000,1.0000
Q95WU5,761,"[622, 706, 738]","[622, 706, 738]",3,3,1.0000,1.0000,1.0000,1.0000,1.0000
S0DPM1,530,[464],[464],1,1,1.0000,1.0000,1.0000,1.0000,1.0000
Q12305,139,[98],[98],1,1,1.0000,1.0000,1.0000,1.0000,1.0000
A9CKY2,276,"[111, 113, 116, 191, 213, 259]","[111, 113, 115, 116, 191, 213, 259]",6,7,1.0000,1.0000,0.8571,1.0000,0.9231
P22857,394,"[54, 57, 180, 216, 219, 244, 254, 256, 285]","[54, 180, 216, 219, 244, 254, 256, 285]",9,8,0.9994,0.9798,1.0000,0.8889,0.9412
P16692,252,"[21, 23, 26, 76, 78, 80, 81, 143, 164, 222, 225]","[21, 23, 26, 76, 78, 80, 81, 143, 164, 222, 225]",11,11,1.0000,1.0000,1.0000,1.0000,1.0000
Q9U1Y5,476,"[199, 301, 322]","[199, 301]",3,2,0.9993,0.9167,1.0000,0.6667,0.8000
K0KPV8,393,"[122, 146, 296]","[122, 146, 296]",3,3,1.0000,1.0000,1.0000,1.0000,1.0000
O31544,287,"[222, 242]","[222, 242]",2,2,1.0000,1.0000,1.0000,1.0000,1.0000
P10475,499,"[65, 96, 131, 169, 231, 257, 291]","[169, 257]",7,2,0.9861,0.6579,1.0000,0.2857,0.4444
Q39054,670,"[485, 486, 541, 573, 600, 607]",[242],6,1,0.9237,0.0680,0.0000,0.0000,0.0000
Q11001,990,"[357, 358, 361, 380, 444]","[182, 357, 358, 361, 380, 444]",5,6,1.0000,1.0000,0.8333,1.0000,0.9091
B5BLW5,306,"[156, 251, 281]","[114, 156, 251, 281]",3,4,1.0000,1.0000,0.7500,1.0000,0.8571
P80563,875,[175],"[11, 14, 60, 175, 744]",1,5,0.9966,0.2500,0.2000,1.0000,0.3333
A2SU30,281,"[55, 110]","[55, 110]",2,2,1.0000,1.0000,1.0000,1.0000,1.0000
Q2LGB3,718,"[239, 340, 358]","[239, 340]",3,2,1.0000,1.0000,1.0000,0.6667,0.8000
Q54R82,942,"[199, 297]","[199, 297, 878, 916, 918, 932]",2,6,1.0000,1.0000,0.3333,1.0000,0.5000
Q9HLE4,268,"[62, 66, 78, 87, 102, 207, 209, 230]",[66],8,1,0.9019,0.5907,1.0000,0.1250,0.2222
Q04399,608,"[100, 102, 145, 147, 452, 455, 457, 530, 531, 532, 536]","[100, 102, 145, 147, 452, 455, 457, 530, 531, 532, 536]",11,11,1.0000,1.0000,1.0000,1.0000,1.0000
A2SQW3,487,"[150, 219, 313, 346, 347]","[150, 219, 313, 346]",5,4,1.0000,1.0000,1.0000,0.8000,0.8889
Q46EH3,461,"[164, 220, 269]",[],3,0,0.9862,0.4741,0.0000,0.0000,0.0000
Q8W4N3,961,"[240, 907]","[240, 907]",2,2,1.0000,1.0000,1.0000,1.0000,1.0000
P77324,318,"[108, 119, 129, 138, 157, 164, 213, 230]","[108, 112, 115, 119, 129, 138, 157, 164, 230]",8,9,0.9831,0.8681,0.7778,0.8750,0.8235
O69981,967,"[143, 188, 364, 366, 368]","[143, 188, 364, 366, 368, 377]",5,6,0.9998,0.9667,0.8333,1.0000,0.9091
P25037,809,"[110, 697]","[110, 697]",2,2,1.0000,1.0000,1.0000,1.0000,1.0000
Q5A961,690,"[54, 166]","[54, 166]",2,2,1.0000,1.0000,1.0000,1.0000,1.0000
P37391,473,"[63, 119, 152, 155, 298, 412]","[63, 119, 152, 155, 298, 412]",6,6,1.0000,1.0000,1.0000,1.0000,1.0000
Q8N966,263,[111],"[97, 111]",1,2,1.0000,1.0000,0.5000,1.0000,0.6667
A0A140C435,397,[244],[244],1,1,1.0000,1.0000,1.0000,1.0000,1.0000
O59272,287,"[156, 157, 191]","[7, 10, 111, 156, 157, 191, 240, 264]",3,8,0.9965,0.6389,0.3750,1.0000,0.5455
Q9AI65,453,"[149, 171, 172, 201]","[38, 111, 149, 171, 172, 201, 292]",4,7,0.9967,0.6083,0.5714,1.0000,0.7273
O60109,532,"[68, 115, 166, 168, 306, 311, 315, 352, 353, 456]","[68, 115, 168, 306, 311, 315, 352, 353, 456]",10,9,0.9990,0.9667,1.0000,0.9000,0.9474
Q84HH8,515,"[255, 294]","[255, 294, 476]",2,3,1.0000,1.0000,0.6667,1.0000,0.8000
A2QWT2,443,[215],"[215, 216, 238]",1,3,1.0000,1.0000,0.3333,1.0000,0.5000
A0A0H2WWV6,493,"[17, 59, 249, 326, 331, 383]","[19, 58, 249, 326, 331, 383]",6,6,0.9771,0.6881,0.6667,0.6667,0.6667
Q5JE80,324,"[27, 36, 39]","[27, 36, 39, 180, 273]",3,5,1.0000,1.0000,0.6000,1.0000,0.7500
P15636,653,"[262, 318, 399]","[262, 318, 399]",3,3,1.0000,1.0000,1.0000,1.0000,1.0000
Q54S02,182,"[46, 50, 56, 95, 99, 109, 124, 129, 165, 168]","[50, 56, 95, 124, 165, 168]",10,6,0.9971,0.9614,1.0000,0.6000,0.7500
P44679,136,[18],[18],1,1,1.0000,1.0000,1.0000,1.0000,1.0000
Q8RWN7,856,"[307, 308, 763, 826]","[307, 308, 763, 826]",4,4,1.0000,1.0000,1.0000,1.0000,1.0000
Q9HU15,634,[281],[281],1,1,1.0000,1.0000,1.0000,1.0000,1.0000
Q95017,166,[93],[93],1,1,1.0000,1.0000,1.0000,1.0000,1.0000
O54259,118,"[18, 63, 67]",[],3,0,0.9913,0.8333,0.0000,0.0000,0.0000
Q9UUF3,287,[189],[189],1,1,1.0000,1.0000,1.0000,1.0000,1.0000
Q9NFP1,558,"[76, 171, 203]","[76, 171, 177, 203]",3,4,1.0000,1.0000,0.7500,1.0000,0.8571
A9AWD5,521,"[311, 313]","[311, 313]",2,2,1.0000,1.0000,1.0000,1.0000,1.0000
I3RB26,270,[41],[],1,0,0.6506,0.0105,0.0000,0.0000,0.0000
Q2M405,599,[470],"[220, 260, 274, 391, 470]",1,5,1.0000,1.0000,0.2000,1.0000,0.3333
Q6FJI9,129,[94],[],1,0,0.3750,0.0123,0.0000,0.0000,0.0000
P38278,337,"[180, 201]",[201],2,1,0.9955,0.7000,1.0000,0.5000,0.6667
C4VBI7,614,"[140, 166, 321, 324]","[166, 303, 322]",4,3,0.9963,0.5179,0.3333,0.2500,0.2857
Q9RWM1,193,"[21, 64, 93]","[21, 64, 93]",3,3,1.0000,1.0000,1.0000,1.0000,1.0000
P73881,402,"[159, 283, 293, 328, 342, 346]","[75, 125, 159, 293]",6,4,0.9802,0.3729,0.5000,0.3333,0.4000
P15704,448,"[70, 101, 137, 175, 237, 263, 297]","[175, 263]",7,2,0.9929,0.7750,1.0000,0.2857,0.4444
P0AEY3,263,"[172, 175, 193, 196, 253]","[21, 39, 61, 172, 175, 230, 231]",5,7,0.9612,0.2484,0.2857,0.4000,0.3333
Q8XAC3,377,"[125, 191, 212, 223, 269]","[55, 125, 191, 212, 244, 269]",5,6,0.9941,0.7203,0.6667,0.8000,0.7273
Q9HZ00,285,"[60, 62, 104, 106]","[43, 60, 62, 78, 104, 106]",4,6,0.9991,0.9500,0.6667,1.0000,0.8000
Q8Z5I4,257,"[23, 104, 109, 128, 129, 234]","[23, 100, 109, 127, 129]",6,5,0.9701,0.5414,0.6000,0.5000,0.5455
P9WI63,399,"[48, 142]","[48, 142]",2,2,1.0000,1.0000,1.0000,1.0000,1.0000
D3JV05,285,"[70, 122, 148]","[36, 70, 122, 186]",3,4,0.9870,0.6325,0.5000,0.6667,0.5714
Q01738,773,"[83, 181, 707]","[181, 319, 707, 740]",3,4,0.9983,0.7000,0.5000,0.6667,0.5714
Q04972,425,[261],"[35, 86, 121, 154, 261]",1,5,0.9976,0.5000,0.2000,1.0000,0.3333
P49594,449,"[202, 203, 370, 415]","[202, 203, 370, 415]",4,4,1.0000,1.0000,1.0000,1.0000,1.0000
O86042,192,"[41, 43, 72]","[41, 43, 72, 165]",3,4,1.0000,1.0000,0.7500,1.0000,0.8571
O31619,336,"[7, 34, 55, 66, 81, 105, 166, 169, 181, 238, 241]","[7, 34, 55, 57, 66, 81, 105, 125, 166, 169, 181, 238, 241]",11,13,0.9989,0.9650,0.8462,1.0000,0.9167
J7FJH2,367,"[132, 139, 143, 148, 233, 234, 264, 271, 281]","[139, 143, 148, 233, 234, 267]",9,6,0.9947,0.7921,0.8333,0.5556,0.6667
Q12706,436,"[120, 215]","[120, 215]",2,2,1.0000,1.0000,1.0000,1.0000,1.0000
O34788,346,"[37, 70, 152]","[37, 70, 71, 100, 103, 110, 152]",3,7,1.0000,1.0000,0.4286,1.0000,0.6000
Q9XB59,273,"[101, 103, 104, 130, 251, 253, 263, 267]","[101, 103, 251]",8,3,0.9108,0.5497,1.0000,0.3750,0.5455
P45306,695,"[459, 470, 484]",[459],3,1,0.9658,0.6802,1.0000,0.3333,0.5000
Q8KCU0,456,"[194, 198, 201]","[194, 198, 201]",3,3,1.0000,1.0000,1.0000,1.0000,1.0000
P44888,593,[453],[453],1,1,1.0000,1.0000,1.0000,1.0000,1.0000
