Protein_ID,Actual_Sites,DualEvo_Predicted,DualEvo_Precision,DualEvo_Recall,DualEvo_F1,SCREEN_Predicted,SCREEN_Precision,SCREEN_Recall,SCREEN_F1,Squidly_Predicted,Squidly_Precision,Squidly_Recall,Squidly_F1
I1RPI4,[308],[],0.0,0.0,0.0,"[154, 248]",0.0,0.0,0.0,[308],1.0,1.0,1.0
P17989,"[79, 83]","[79, 83, 164]",0.6666666666666666,1.0,0.8,[83],1.0,0.5,0.6666666666666666,"[79, 83]",1.0,1.0,1.0
P34100,"[363, 457]","[363, 457]",1.0,1.0,1.0,"[372, 457, 459, 461, 462, 494]",0.16666666666666666,0.5,0.25,[457],1.0,0.5,0.6666666666666666
A0Q5Y4,"[157, 222, 237]","[157, 222, 237]",1.0,1.0,1.0,"[237, 240]",0.5,0.3333333333333333,0.4,[],0.0,0.0,0.0
O60156,"[206, 214, 245]","[206, 214, 245]",1.0,1.0,1.0,"[206, 214, 245]",1.0,1.0,1.0,"[206, 214, 245]",1.0,1.0,1.0
Q0PKV7,"[88, 178]","[88, 178]",1.0,1.0,1.0,"[178, 217]",0.5,0.5,0.5,[178],1.0,0.5,0.6666666666666666
Q9P6N2,"[12, 14, 176]","[12, 14, 21, 58, 153, 176, 179, 180]",0.375,1.0,0.5454545454545454,"[12, 14, 153, 177, 180]",0.4,0.6666666666666666,0.5,"[12, 14]",1.0,0.6666666666666666,0.8
P49332,"[14, 41, 55]","[14, 16, 41, 55]",0.75,1.0,0.8571428571428571,"[14, 19, 68, 105, 152]",0.2,0.3333333333333333,0.25,[],0.0,0.0,0.0
Q93ZC9,"[24, 179]","[24, 134, 168, 179]",0.5,1.0,0.6666666666666666,"[33, 179, 228]",0.3333333333333333,0.5,0.4,[179],1.0,0.5,0.6666666666666666
Q8KLM3,"[67, 90, 132, 163]","[67, 98]",0.5,0.25,0.3333333333333333,[12],0.0,0.0,0.0,[67],1.0,0.25,0.4
O14040,"[453, 461, 462]","[453, 461, 462]",1.0,1.0,1.0,"[459, 762, 770]",0.0,0.0,0.0,[],0.0,0.0,0.0
Q83F94,"[75, 113, 170]","[75, 113, 170]",1.0,1.0,1.0,[170],1.0,0.3333333333333333,0.5,[],0.0,0.0,0.0
F1DBB3,"[264, 306, 335, 362]","[264, 306]",1.0,0.5,0.6666666666666666,[306],1.0,0.25,0.4,[306],1.0,0.25,0.4
Q8Q054,[635],"[79, 635]",0.5,1.0,0.6666666666666666,"[51, 632, 635]",0.3333333333333333,1.0,0.5,[],0.0,0.0,0.0
P78581,"[195, 262, 265, 269, 271, 455, 501]","[195, 455, 501]",1.0,0.42857142857142855,0.6,"[195, 455, 501, 502]",0.75,0.42857142857142855,0.5454545454545454,"[195, 501]",1.0,0.2857142857142857,0.4444444444444445
P74181,[337],[],0.0,0.0,0.0,"[94, 253, 355, 377, 379]",0.0,0.0,0.0,[],0.0,0.0,0.0
Q8P3J4,[481],"[481, 631]",0.5,1.0,0.6666666666666666,"[108, 349, 362, 631, 632, 638]",0.0,0.0,0.0,[],0.0,0.0,0.0
Q08961,[273],[273],1.0,1.0,1.0,[273],1.0,1.0,1.0,[],0.0,0.0,0.0
Q9KG32,[47],"[47, 72]",0.5,1.0,0.6666666666666666,"[20, 72, 149, 194, 204, 205, 208, 232]",0.0,0.0,0.0,[72],0.0,0.0,0.0
F4JYG0,"[329, 331, 352, 355]","[329, 331, 352, 355]",1.0,1.0,1.0,[],0.0,0.0,0.0,[],0.0,0.0,0.0
D0E8I5,"[24, 27, 34, 58, 59, 62, 80, 104, 108, 158, 161]","[58, 59, 80, 104]",1.0,0.36363636363636365,0.5333333333333333,"[58, 59, 62, 80, 104, 108, 133, 161]",0.875,0.6363636363636364,0.7368421052631579,[],0.0,0.0,0.0
Q4WZB3,"[257, 352, 380]","[188, 257, 301, 352, 380]",0.6,1.0,0.7499999999999999,"[187, 257, 258, 352, 380]",0.6,1.0,0.7499999999999999,"[352, 380]",1.0,0.6666666666666666,0.8
Q9FJT9,"[85, 88, 89, 165, 172]","[85, 88, 89]",1.0,0.6,0.7499999999999999,"[89, 172, 750, 767]",0.5,0.4,0.4444444444444445,"[88, 165]",1.0,0.4,0.5714285714285715
Q70KF0,"[41, 63, 92, 95, 98, 106, 147]","[41, 63, 64, 92, 95, 98, 106, 147]",0.875,1.0,0.9333333333333333,"[43, 63, 106]",0.6666666666666666,0.2857142857142857,0.4,[],0.0,0.0,0.0
Q0PBX7,"[25, 29, 33, 50, 52, 91, 93]","[25, 29, 33, 50, 52, 91, 93]",1.0,1.0,1.0,"[23, 29, 33, 50, 121, 146, 176, 235, 237]",0.3333333333333333,0.42857142857142855,0.375,[],0.0,0.0,0.0
S0E627,"[109, 112, 141, 148, 152, 157, 158, 235, 236, 275, 278, 282, 292, 302]","[109, 112, 141, 148, 152, 157, 158, 180, 235, 236, 275, 278, 282, 292, 302]",0.9333333333333333,1.0,0.9655172413793104,"[109, 112, 148, 152, 157, 235, 274, 278, 292]",0.8888888888888888,0.5714285714285714,0.6956521739130435,[],0.0,0.0,0.0
O43980,"[82, 166]","[82, 141]",0.5,0.5,0.5,"[81, 82, 141, 166, 265, 266]",0.3333333333333333,1.0,0.5,"[82, 166, 265]",0.6666666666666666,1.0,0.8
Q02742,[320],[320],1.0,1.0,1.0,"[246, 254, 320]",0.3333333333333333,1.0,0.5,[320],1.0,1.0,1.0
Q5QKR8,"[81, 85, 127, 135, 139, 167, 175, 193, 252, 255]","[125, 127, 135, 139, 312]",0.6,0.3,0.4,"[127, 135, 139, 164, 167]",0.8,0.4,0.5333333333333333,[127],1.0,0.1,0.18181818181818182
P46116,"[150, 210]","[150, 210]",1.0,1.0,1.0,"[78, 83, 87, 148, 150, 205, 210]",0.2857142857142857,1.0,0.4444444444444445,"[148, 150, 210]",0.6666666666666666,1.0,0.8
P54637,[650],"[650, 656]",0.5,1.0,0.6666666666666666,"[550, 613, 650, 656, 657]",0.2,1.0,0.33333333333333337,[650],1.0,1.0,1.0
E7FHF1,"[15, 26, 28]","[15, 22, 26, 28, 64, 104]",0.5,1.0,0.6666666666666666,"[15, 64, 104]",0.3333333333333333,0.3333333333333333,0.3333333333333333,[104],0.0,0.0,0.0
P40376,"[230, 324]","[230, 324]",1.0,1.0,1.0,"[324, 326, 329, 360]",0.25,0.5,0.3333333333333333,[324],1.0,0.5,0.6666666666666666
P32945,"[301, 303, 329, 361, 362, 410, 485]","[301, 303, 329, 361, 362, 410, 485]",1.0,1.0,1.0,"[301, 303, 329, 332, 333, 361, 362, 410, 445, 458, 485]",0.6363636363636364,1.0,0.7777777777777778,"[362, 485]",1.0,0.2857142857142857,0.4444444444444445
P46489,"[88, 93, 198, 204, 211, 218, 237, 268, 293]","[148, 198, 204, 211, 237, 268, 293]",0.8571428571428571,0.6666666666666666,0.75,"[265, 293]",0.5,0.1111111111111111,0.1818181818181818,[293],1.0,0.1111111111111111,0.19999999999999998
Q9VWU1,"[187, 234, 339]","[187, 234, 339]",1.0,1.0,1.0,"[187, 234, 337, 339]",0.75,1.0,0.8571428571428571,"[187, 234, 339]",1.0,1.0,1.0
B0WSX1,[389],"[121, 165, 278, 389, 431, 701]",0.16666666666666666,1.0,0.2857142857142857,"[121, 197, 223, 389, 415, 489, 700]",0.14285714285714285,1.0,0.25,[220],0.0,0.0,0.0
D4GU60,"[24, 201, 202]","[24, 51, 138, 201, 202, 218]",0.5,1.0,0.6666666666666666,"[24, 138, 201, 202, 204, 218]",0.5,1.0,0.6666666666666666,[],0.0,0.0,0.0
Q8SQZ6,"[175, 226, 449]","[316, 327, 334]",0.0,0.0,0.0,"[34, 98, 205, 207, 218, 298, 334, 338, 444, 449]",0.1,0.3333333333333333,0.15384615384615383,[],0.0,0.0,0.0
O53423,"[80, 119, 149, 244, 247]","[6, 80, 119, 149, 244, 247]",0.8333333333333334,1.0,0.9090909090909091,"[80, 149, 244, 247]",1.0,0.8,0.888888888888889,"[80, 247]",1.0,0.4,0.5714285714285715
Q9RDE9,"[29, 108, 153, 198, 200, 228, 276, 327, 356, 410]","[104, 105, 198, 200, 228, 230, 253, 276, 277, 300, 327]",0.45454545454545453,0.5,0.47619047619047616,"[198, 200, 228, 253, 276, 277, 300, 327, 329]",0.5555555555555556,0.5,0.5263157894736842,"[200, 327]",1.0,0.2,0.33333333333333337
Q2G0P6,"[82, 115]",[157],0.0,0.0,0.0,"[111, 166, 197]",0.0,0.0,0.0,[],0.0,0.0,0.0
G0L322,"[73, 144, 147, 152, 176, 271]","[147, 152, 420]",0.6666666666666666,0.3333333333333333,0.4444444444444444,"[147, 149, 151, 152]",0.5,0.3333333333333333,0.4,"[147, 152]",1.0,0.3333333333333333,0.5
E9QBI7,"[296, 297, 300, 361]","[296, 297, 300, 361, 365, 408]",0.6666666666666666,1.0,0.8,"[296, 297, 300, 305, 361, 365, 408]",0.5714285714285714,1.0,0.7272727272727273,"[297, 408]",0.5,0.25,0.3333333333333333
Q4QEY9,"[428, 530]","[428, 466, 530]",0.6666666666666666,1.0,0.8,[336],0.0,0.0,0.0,[],0.0,0.0,0.0
P0DTF7,"[62, 64, 130, 182, 199, 245]","[62, 64, 182]",1.0,0.5,0.6666666666666666,[182],1.0,0.16666666666666666,0.2857142857142857,[130],1.0,0.16666666666666666,0.2857142857142857
Q6S5G3,"[180, 294]",[],0.0,0.0,0.0,[739],0.0,0.0,0.0,[],0.0,0.0,0.0
O61125,"[49, 139]","[49, 139]",1.0,1.0,1.0,"[137, 139, 141, 144]",0.25,0.5,0.3333333333333333,[139],1.0,0.5,0.6666666666666666
A8GG78,"[356, 381, 415]",[415],1.0,0.3333333333333333,0.5,"[381, 415]",1.0,0.6666666666666666,0.8,"[381, 415]",1.0,0.6666666666666666,0.8
O27089,"[96, 186, 238]","[96, 186, 238]",1.0,1.0,1.0,"[238, 240]",0.5,0.3333333333333333,0.4,[],0.0,0.0,0.0
Q4JB16,"[111, 131]",[],0.0,0.0,0.0,"[21, 113]",0.0,0.0,0.0,[],0.0,0.0,0.0
Q9Y898,"[109, 243]","[109, 243]",1.0,1.0,1.0,"[109, 243, 245, 282]",0.5,1.0,0.6666666666666666,[243],1.0,0.5,0.6666666666666666
P11439,"[474, 578]",[465],0.0,0.0,0.0,"[291, 495, 506, 553, 578]",0.2,0.5,0.28571428571428575,[],0.0,0.0,0.0
P35484,"[51, 115, 203, 237, 304, 312]","[42, 47, 51, 237, 313]",0.4,0.3333333333333333,0.3636363636363636,"[42, 47, 50, 51]",0.25,0.16666666666666666,0.2,[],0.0,0.0,0.0
Q9VWP4,"[144, 168, 287, 344, 383, 388]","[144, 168, 287]",1.0,0.5,0.6666666666666666,"[144, 168, 242, 287, 422]",0.6,0.5,0.5454545454545454,[],0.0,0.0,0.0
E7FHN9,"[229, 232, 235, 239, 306, 309, 312, 316]","[92, 135, 229, 232, 235, 239, 242, 244, 266, 294, 306, 309, 312, 316]",0.5714285714285714,1.0,0.7272727272727273,"[92, 291, 295]",0.0,0.0,0.0,[],0.0,0.0,0.0
Q06702,"[115, 116, 162, 166, 203, 263]","[115, 116, 162, 166, 203, 263]",1.0,1.0,1.0,"[115, 162, 166, 200, 227, 230, 263]",0.5714285714285714,0.6666666666666666,0.6153846153846153,"[115, 263]",1.0,0.3333333333333333,0.5
Q4P804,"[146, 148, 159]","[82, 146, 148, 156, 159]",0.6,1.0,0.7499999999999999,"[82, 146, 148, 159]",0.75,1.0,0.8571428571428571,[],0.0,0.0,0.0
Q09363,"[208, 294]","[208, 265]",0.5,0.5,0.5,[294],1.0,0.5,0.6666666666666666,[],0.0,0.0,0.0
O87876,"[298, 337]","[8, 298, 337, 392, 420]",0.4,1.0,0.5714285714285715,"[252, 298, 337]",0.6666666666666666,1.0,0.8,[],0.0,0.0,0.0
O16129,"[164, 285, 310]","[164, 285]",1.0,0.6666666666666666,0.8,"[69, 172, 274, 285, 453]",0.2,0.3333333333333333,0.25,[],0.0,0.0,0.0
Q54EM5,[510],[510],1.0,1.0,1.0,"[297, 510]",0.5,1.0,0.6666666666666666,[],0.0,0.0,0.0
Q04195,"[377, 379, 400, 403]","[377, 379, 400, 403]",1.0,1.0,1.0,[379],1.0,0.25,0.4,[],0.0,0.0,0.0
Q12043,"[216, 375]","[216, 375, 426]",0.6666666666666666,1.0,0.8,[216],1.0,0.5,0.6666666666666666,[],0.0,0.0,0.0
B2A6B7,"[172, 192]",[192],1.0,0.5,0.6666666666666666,"[23, 59, 283, 285]",0.0,0.0,0.0,[],0.0,0.0,0.0
P32747,"[126, 146, 234, 264, 267, 306, 358, 387]","[122, 145, 264, 267, 306, 334, 358]",0.5714285714285714,0.5,0.5333333333333333,"[38, 171, 175, 267, 269, 306, 335]",0.2857142857142857,0.25,0.26666666666666666,[267],1.0,0.125,0.2222222222222222
Q03533,"[68, 180]","[68, 180]",1.0,1.0,1.0,"[180, 182, 184, 241]",0.25,0.5,0.3333333333333333,[180],1.0,0.5,0.6666666666666666
P46843,"[57, 90, 163, 182, 188, 245, 265, 285, 292]","[56, 118, 124, 142, 145, 285, 379, 382]",0.125,0.1111111111111111,0.11764705882352941,"[52, 142, 145, 379, 382]",0.0,0.0,0.0,"[379, 382]",0.0,0.0,0.0
Q8EN08,"[71, 101, 135]",[101],1.0,0.3333333333333333,0.5,[71],1.0,0.3333333333333333,0.5,[71],1.0,0.3333333333333333,0.5
O81755,"[104, 108, 109, 112, 114, 116, 118, 204, 234, 235, 287]","[108, 204, 234, 235, 318, 321, 329]",0.5714285714285714,0.36363636363636365,0.4444444444444444,"[104, 108, 234, 346]",0.75,0.2727272727272727,0.39999999999999997,[108],1.0,0.09090909090909091,0.16666666666666669
Q59QL0,[343],[343],1.0,1.0,1.0,[420],0.0,0.0,0.0,[343],1.0,1.0,1.0
P86074,"[7, 23]",[],0.0,0.0,0.0,[],0.0,0.0,0.0,[],0.0,0.0,0.0
Q23498,"[189, 191, 278, 318, 427, 461, 463]","[189, 191, 278, 282, 318, 319, 427, 461, 463]",0.7777777777777778,1.0,0.8750000000000001,"[191, 278, 318, 319, 427, 461, 463]",0.8571428571428571,0.8571428571428571,0.8571428571428571,[319],0.0,0.0,0.0
K2RU68,[77],[77],1.0,1.0,1.0,"[39, 40, 41, 77, 81]",0.2,1.0,0.33333333333333337,[],0.0,0.0,0.0
Q9WYP4,"[35, 37, 46, 117, 173]","[35, 37, 46, 117, 118, 168, 173]",0.7142857142857143,1.0,0.8333333333333333,"[117, 118, 168, 227]",0.25,0.2,0.22222222222222224,[],0.0,0.0,0.0
Q9VM90,"[130, 221]","[130, 221]",1.0,1.0,1.0,"[221, 223, 225, 262]",0.25,0.5,0.3333333333333333,[221],1.0,0.5,0.6666666666666666
P11018,"[50, 87, 246]","[50, 87, 246]",1.0,1.0,1.0,"[50, 51, 87, 179, 246]",0.6,1.0,0.7499999999999999,"[50, 87, 246]",1.0,1.0,1.0
Q9YFY8,"[9, 11, 50, 85, 86, 170, 199, 201]","[9, 11, 50, 85, 86, 170, 199, 201]",1.0,1.0,1.0,"[9, 50, 86, 87, 170, 201]",0.8333333333333334,0.625,0.7142857142857143,"[86, 170]",1.0,0.25,0.4
Q72E85,"[20, 23, 26, 30, 75, 78, 83, 87, 108, 111, 114, 118, 155, 158, 188, 192]","[20, 23, 26, 30, 75, 78, 83, 87, 108, 111, 114, 118, 158, 188, 192]",1.0,0.9375,0.967741935483871,[87],1.0,0.0625,0.11764705882352941,[],0.0,0.0,0.0
Q6DNF3,"[105, 439, 483]","[105, 483]",1.0,0.6666666666666666,0.8,"[6, 105]",0.5,0.3333333333333333,0.4,[],0.0,0.0,0.0
I6Y2J4,"[309, 383, 413]","[309, 413]",1.0,0.6666666666666666,0.8,"[309, 383, 413]",1.0,1.0,1.0,"[309, 383, 413]",1.0,1.0,1.0
M2ZIX7,[182],"[169, 182, 186]",0.3333333333333333,1.0,0.5,"[169, 170, 182, 186]",0.25,1.0,0.4,[182],1.0,1.0,1.0
P32823,[313],"[311, 313, 568, 619]",0.25,1.0,0.4,"[309, 311, 313, 389, 459]",0.2,1.0,0.33333333333333337,[313],1.0,1.0,1.0
Q621J7,"[41, 130]","[41, 130]",1.0,1.0,1.0,[130],1.0,0.5,0.6666666666666666,[130],1.0,0.5,0.6666666666666666
P22806,"[19, 131, 178, 351]","[131, 178, 203, 206, 360]",0.4,0.5,0.4444444444444445,"[45, 174, 178, 203, 206, 237, 348]",0.14285714285714285,0.25,0.18181818181818182,[237],0.0,0.0,0.0
B2UP57,"[122, 151, 214, 227, 247, 278, 279, 288, 291, 345]","[122, 214, 227, 278, 279, 288]",1.0,0.6,0.7499999999999999,"[214, 278, 279, 288, 328, 375]",0.6666666666666666,0.4,0.5,"[151, 214, 279]",1.0,0.3,0.4615384615384615
Q7VQW8,"[9, 11, 93, 95, 101, 103, 130]","[9, 11, 54, 93, 95, 101, 103, 104, 105, 130, 178, 204, 230, 231, 234, 256, 277, 301, 324, 325, 328]",0.3333333333333333,1.0,0.5,"[9, 11, 105, 130, 134, 230, 231, 235, 325, 328]",0.3,0.42857142857142855,0.3529411764705882,"[9, 11]",1.0,0.2857142857142857,0.4444444444444445
Q21376,"[43, 44, 79, 308, 309]","[43, 44, 79, 217, 308]",0.8,0.8,0.8000000000000002,"[43, 44, 83, 134, 217, 309, 322]",0.42857142857142855,0.6,0.5,[79],1.0,0.2,0.33333333333333337
O07566,"[151, 225, 242, 274, 282, 292, 379]","[125, 222, 242, 292]",0.5,0.2857142857142857,0.36363636363636365,"[151, 222, 225, 242, 244, 247]",0.5,0.42857142857142855,0.4615384615384615,[],0.0,0.0,0.0
Q54VC0,"[41, 139]","[41, 139]",1.0,1.0,1.0,[139],1.0,0.5,0.6666666666666666,[139],1.0,0.5,0.6666666666666666
Q5BD29,"[392, 488]","[392, 488]",1.0,1.0,1.0,"[488, 546]",0.5,0.5,0.5,"[392, 488]",1.0,1.0,1.0
Q9X1G3,"[254, 298, 300]",[331],0.0,0.0,0.0,"[37, 136, 192, 230, 254, 258, 298, 331]",0.25,0.6666666666666666,0.36363636363636365,[],0.0,0.0,0.0
Q6DRD3,"[71, 100, 102, 105, 189, 191, 257]","[189, 191]",1.0,0.2857142857142857,0.4444444444444445,[],0.0,0.0,0.0,[],0.0,0.0,0.0
P76190,"[169, 224, 236]","[169, 224]",1.0,0.6666666666666666,0.8,"[169, 170, 224]",0.6666666666666666,0.6666666666666666,0.6666666666666666,"[169, 224]",1.0,0.6666666666666666,0.8
A1A6H3,"[210, 255, 319, 321, 325, 355, 358, 360, 364]","[80, 255, 321, 325, 358]",0.8,0.4444444444444444,0.5714285714285714,"[210, 233, 322, 323, 324, 325]",0.3333333333333333,0.2222222222222222,0.26666666666666666,[325],1.0,0.1111111111111111,0.19999999999999998
B0TFA7,"[34, 102, 126, 200]","[102, 200]",1.0,0.5,0.6666666666666666,"[14, 37, 50, 154]",0.0,0.0,0.0,[200],1.0,0.25,0.4
Q9ZHY3,"[13, 30, 41, 52, 262]",[262],1.0,0.2,0.33333333333333337,"[13, 262]",1.0,0.4,0.5714285714285715,[],0.0,0.0,0.0
A0A3G5BB24,[83],[],0.0,0.0,0.0,"[69, 83]",0.5,1.0,0.6666666666666666,[],0.0,0.0,0.0
Q0V9R3,"[354, 362, 363]","[354, 363]",1.0,0.6666666666666666,0.8,"[360, 465, 581, 675, 679]",0.0,0.0,0.0,[],0.0,0.0,0.0
P39671,"[17, 21, 112, 125, 276, 278, 280, 343, 375, 495]","[112, 276, 278, 280, 362, 363]",0.6666666666666666,0.4,0.5,"[17, 110, 112, 113, 125, 248, 278, 280, 281, 346, 374]",0.45454545454545453,0.5,0.47619047619047616,[112],1.0,0.1,0.18181818181818182
Q9X0L3,"[11, 77, 139, 183]","[11, 77, 139, 160, 183]",0.8,1.0,0.888888888888889,"[8, 183]",0.5,0.25,0.3333333333333333,[183],1.0,0.25,0.4
P36163,"[203, 204, 207, 257]","[172, 203, 204, 207, 306]",0.6,0.75,0.6666666666666665,"[203, 204, 207, 212, 257, 261, 306]",0.5714285714285714,1.0,0.7272727272727273,"[204, 306]",0.5,0.25,0.3333333333333333
Q60314,"[8, 11, 15, 43]","[8, 11, 15, 43]",1.0,1.0,1.0,"[8, 11, 15, 43]",1.0,1.0,1.0,[],0.0,0.0,0.0
Q4U3Y2,[110],"[142, 245, 305]",0.0,0.0,0.0,[191],0.0,0.0,0.0,[],0.0,0.0,0.0
A3CTK0,"[117, 127, 146, 159, 166, 170]","[33, 100]",0.0,0.0,0.0,"[113, 117, 127]",0.6666666666666666,0.3333333333333333,0.4444444444444444,[127],1.0,0.16666666666666666,0.2857142857142857
Q5QHG6,"[259, 271, 303, 304, 332, 429, 430]","[259, 271, 303, 304, 332, 387, 429, 430]",0.875,1.0,0.9333333333333333,"[259, 261, 271, 303, 304, 332, 385, 387, 429, 430, 434]",0.6363636363636364,1.0,0.7777777777777778,[303],1.0,0.14285714285714285,0.25
Q54IP4,"[201, 298]","[15, 201, 298]",0.6666666666666666,1.0,0.8,"[296, 298, 337]",0.3333333333333333,0.5,0.4,[298],1.0,0.5,0.6666666666666666
Q57688,[41],[41],1.0,1.0,1.0,"[20, 310]",0.0,0.0,0.0,[],0.0,0.0,0.0
Q9R5V5,[98],"[72, 98]",0.5,1.0,0.6666666666666666,"[7, 72, 92, 98]",0.25,1.0,0.4,[],0.0,0.0,0.0
Q04049,"[30, 155]","[30, 155]",1.0,1.0,1.0,"[272, 279]",0.0,0.0,0.0,[],0.0,0.0,0.0
Q9I4U2,[265],"[265, 287, 337]",0.3333333333333333,1.0,0.5,"[266, 285]",0.0,0.0,0.0,[265],1.0,1.0,1.0
Q9S713,"[167, 279]","[167, 279]",1.0,1.0,1.0,"[167, 279, 281, 319]",0.5,1.0,0.6666666666666666,[279],1.0,0.5,0.6666666666666666
Q2UPC5,[237],[237],1.0,1.0,1.0,"[31, 120, 125, 237, 246]",0.2,1.0,0.33333333333333337,[],0.0,0.0,0.0
Q22036,"[83, 252, 290]","[83, 252]",1.0,0.6666666666666666,0.8,"[77, 83, 252, 290, 292]",0.6,1.0,0.7499999999999999,"[83, 252, 290]",1.0,1.0,1.0
O80831,"[289, 329, 337, 422, 530, 535, 618, 654]",[329],1.0,0.125,0.2222222222222222,"[422, 621]",0.5,0.125,0.2,[422],1.0,0.125,0.2222222222222222
Q8PU60,"[85, 88, 91, 95, 125, 128, 131, 135]","[85, 88, 91, 95, 125, 128, 131, 135]",1.0,1.0,1.0,[95],1.0,0.125,0.2222222222222222,[],0.0,0.0,0.0
P72173,"[36, 132, 185, 376]","[36, 67, 132, 185, 216, 256, 376]",0.5714285714285714,1.0,0.7272727272727273,"[132, 213, 215, 248, 256]",0.2,0.25,0.22222222222222224,[],0.0,0.0,0.0
Q93Z04,"[217, 241, 245, 297]","[217, 241, 245, 297]",1.0,1.0,1.0,"[219, 297]",0.5,0.25,0.3333333333333333,[],0.0,0.0,0.0
Q75SP7,"[40, 108, 140]","[40, 108, 140]",1.0,1.0,1.0,"[92, 108, 115, 140, 164, 166]",0.3333333333333333,0.6666666666666666,0.4444444444444444,"[40, 108, 140]",1.0,1.0,1.0
Q9XG80,"[48, 50, 53, 72, 73]",[69],0.0,0.0,0.0,"[48, 50, 72, 73, 87]",0.8,0.8,0.8000000000000002,[72],1.0,0.2,0.33333333333333337
B5GRC8,"[114, 119, 206, 252, 256, 260]","[114, 115, 119, 206, 252, 256, 260]",0.8571428571428571,1.0,0.923076923076923,"[111, 114, 118, 210, 211, 252, 334, 339, 341]",0.2222222222222222,0.3333333333333333,0.26666666666666666,[],0.0,0.0,0.0
Q9AAA6,"[115, 141]","[115, 141]",1.0,1.0,1.0,"[28, 116, 141]",0.3333333333333333,0.5,0.4,[],0.0,0.0,0.0
P71011,"[129, 133, 136, 408, 414, 417]","[129, 133, 136, 344, 362, 403, 408, 414, 417, 433]",0.6,1.0,0.7499999999999999,"[129, 133, 136, 344, 362]",0.6,0.5,0.5454545454545454,[],0.0,0.0,0.0
Q17426,[188],[188],1.0,1.0,1.0,[274],0.0,0.0,0.0,[188],1.0,1.0,1.0
F0X8C8,"[190, 209, 248, 275, 357]","[190, 209, 247, 357]",0.75,0.6,0.6666666666666665,"[190, 192, 209, 247, 248, 275, 357, 361]",0.625,1.0,0.7692307692307693,[247],0.0,0.0,0.0
P27035,"[286, 378]","[286, 378]",1.0,1.0,1.0,"[209, 285, 286, 351, 353, 378, 418]",0.2857142857142857,1.0,0.4444444444444445,"[286, 378]",1.0,1.0,1.0
P40601,"[34, 327, 330]","[34, 241, 330]",0.6666666666666666,0.6666666666666666,0.6666666666666666,"[34, 43, 124, 327, 330, 374]",0.5,1.0,0.6666666666666666,"[34, 330]",1.0,0.6666666666666666,0.8
I1BYM7,"[210, 233]","[210, 233]",1.0,1.0,1.0,"[189, 192, 211, 233, 269]",0.2,0.5,0.28571428571428575,"[210, 233]",1.0,1.0,1.0
P21637,"[338, 344, 377, 381]","[27, 338, 344, 377, 381]",0.8,1.0,0.888888888888889,"[148, 376, 377, 381]",0.5,0.5,0.5,[],0.0,0.0,0.0
P32586,[630],[630],1.0,1.0,1.0,"[535, 601, 629, 630, 636, 637]",0.16666666666666666,1.0,0.2857142857142857,[630],1.0,1.0,1.0
Q8MYY6,"[150, 186, 209, 210, 211, 312, 340, 343, 346]","[150, 186, 209, 210, 211, 312, 340, 343, 348]",0.8888888888888888,0.8888888888888888,0.8888888888888888,"[315, 340, 343]",0.6666666666666666,0.2222222222222222,0.3333333333333333,[],0.0,0.0,0.0
Q86TM3,"[244, 249, 311]",[376],0.0,0.0,0.0,"[68, 163, 266, 272, 307, 408, 553, 557]",0.0,0.0,0.0,[],0.0,0.0,0.0
Q92111,[457],[457],1.0,1.0,1.0,"[322, 326, 330, 457]",0.25,1.0,0.4,[],0.0,0.0,0.0
Q8TZH9,"[68, 84, 86, 87, 171, 176, 195, 202]","[68, 69, 84, 86, 171, 202]",0.8333333333333334,0.625,0.7142857142857143,"[47, 84, 89]",0.3333333333333333,0.125,0.18181818181818182,[],0.0,0.0,0.0
Q55A00,"[136, 190, 194]","[136, 190]",1.0,0.6666666666666666,0.8,"[134, 136, 190, 194]",0.75,1.0,0.8571428571428571,[136],1.0,0.3333333333333333,0.5
Q8H215,"[18, 19, 48]",[48],1.0,0.3333333333333333,0.5,"[45, 48]",0.5,0.3333333333333333,0.4,[],0.0,0.0,0.0
Q02863,"[62, 407]","[62, 407]",1.0,1.0,1.0,"[62, 407]",1.0,1.0,1.0,"[62, 407]",1.0,1.0,1.0
O45797,"[531, 625]","[531, 625]",1.0,1.0,1.0,"[443, 625, 627, 630, 704, 867]",0.16666666666666666,0.5,0.25,[625],1.0,0.5,0.6666666666666666
Q9VUY0,"[232, 265, 266, 347, 425, 427, 500]","[265, 266, 347, 425, 427]",1.0,0.7142857142857143,0.8333333333333333,"[265, 266, 347, 425, 427, 500]",1.0,0.8571428571428571,0.923076923076923,[],0.0,0.0,0.0
P23382,"[266, 267, 270]","[196, 266, 267, 270, 276, 423, 482]",0.42857142857142855,1.0,0.6,"[267, 278, 423]",0.3333333333333333,0.3333333333333333,0.3333333333333333,[267],1.0,0.3333333333333333,0.5
B2AM55,"[301, 311, 399]",[399],1.0,0.3333333333333333,0.5,"[30, 136, 168, 399]",0.25,0.3333333333333333,0.28571428571428575,[399],1.0,0.3333333333333333,0.5
P74297,"[65, 163]","[65, 163]",1.0,1.0,1.0,"[9, 65, 163, 165, 444]",0.4,1.0,0.5714285714285715,[163],1.0,0.5,0.6666666666666666
B6H6L7,"[57, 60, 170]","[57, 60, 170]",1.0,1.0,1.0,"[57, 60, 127, 170, 175, 344]",0.5,1.0,0.6666666666666666,"[57, 60, 170]",1.0,1.0,1.0
F1SY74,[526],[526],1.0,1.0,1.0,"[382, 526]",0.5,1.0,0.6666666666666666,[],0.0,0.0,0.0
Q0WSX8,[83],[],0.0,0.0,0.0,"[18, 83]",0.5,1.0,0.6666666666666666,[83],1.0,1.0,1.0
Q86JJ0,"[85, 133, 138, 183]","[107, 133, 161, 183, 299]",0.4,0.5,0.4444444444444445,[],0.0,0.0,0.0,[],0.0,0.0,0.0
Q67SW0,"[14, 64, 125, 187, 193, 334, 401, 405, 442, 443, 461]","[14, 125, 401, 405, 426, 427, 442, 443, 461]",0.7777777777777778,0.6363636363636364,0.7000000000000001,"[64, 155, 156, 259, 261, 334, 405, 461]",0.5,0.36363636363636365,0.4210526315789474,[64],1.0,0.09090909090909091,0.16666666666666669
Q4FS72,"[173, 205, 256, 320, 346]","[173, 205, 256, 320, 346]",1.0,1.0,1.0,"[202, 256, 313]",0.3333333333333333,0.2,0.25,[256],1.0,0.2,0.33333333333333337
P43337,"[83, 87]","[83, 87]",1.0,1.0,1.0,[],0.0,0.0,0.0,[],0.0,0.0,0.0
Q9XTD6,"[164, 165, 168, 174]","[164, 165, 168, 174]",1.0,1.0,1.0,"[164, 165, 168, 174, 222]",0.8,1.0,0.888888888888889,[165],1.0,0.25,0.4
Q9VQN8,[253],[34],0.0,0.0,0.0,"[296, 349]",0.0,0.0,0.0,[],0.0,0.0,0.0
O06335,"[48, 445]","[48, 445, 472]",0.6666666666666666,1.0,0.8,"[48, 109, 420]",0.3333333333333333,0.5,0.4,[],0.0,0.0,0.0
P9WNE5,"[22, 55, 58, 99, 132]","[22, 55, 58, 99, 132]",1.0,1.0,1.0,"[22, 55, 58, 99, 132]",1.0,1.0,1.0,[],0.0,0.0,0.0
O32183,[2],[2],1.0,1.0,1.0,"[40, 57, 77]",0.0,0.0,0.0,[2],1.0,1.0,1.0
P75430,"[50, 55, 124, 125, 153, 154]",[154],1.0,0.16666666666666666,0.2857142857142857,[115],0.0,0.0,0.0,[],0.0,0.0,0.0
Q84BQ9,"[107, 128, 149, 175, 191]","[107, 149]",1.0,0.4,0.5714285714285715,"[149, 191]",1.0,0.4,0.5714285714285715,[],0.0,0.0,0.0
Q9L9E9,"[103, 127, 131]","[103, 104, 127, 131, 153, 184]",0.5,1.0,0.6666666666666666,"[103, 127, 131, 150]",0.75,1.0,0.8571428571428571,[],0.0,0.0,0.0
Q9LUS8,"[180, 181, 408, 471]","[180, 181, 408, 471]",1.0,1.0,1.0,"[180, 295, 354, 471]",0.5,0.5,0.5,[],0.0,0.0,0.0
Q04751,"[116, 185, 186, 228, 233]","[116, 183, 185, 186, 228, 233, 250]",0.7142857142857143,1.0,0.8333333333333333,"[165, 186, 187]",0.3333333333333333,0.2,0.25,[240],0.0,0.0,0.0
Q8ZZP3,"[6, 100, 118]","[6, 99, 100, 118]",0.75,1.0,0.8571428571428571,"[6, 42, 100]",0.6666666666666666,0.6666666666666666,0.6666666666666666,[],0.0,0.0,0.0
Q6B9Y8,"[125, 128, 143, 148, 225, 237, 239, 286, 387, 419, 423]","[225, 237, 239, 286, 387, 419, 423]",1.0,0.6363636363636364,0.7777777777777778,[419],1.0,0.09090909090909091,0.16666666666666669,[],0.0,0.0,0.0
Q5VZV1,"[92, 141, 172, 193]","[141, 193]",1.0,0.5,0.6666666666666666,"[120, 226]",0.0,0.0,0.0,[],0.0,0.0,0.0
P53720,"[88, 117, 160, 188]","[88, 117, 160, 188]",1.0,1.0,1.0,"[11, 117, 160, 188]",0.75,0.75,0.75,[],0.0,0.0,0.0
B6PLN3,[48],"[48, 72]",0.5,1.0,0.6666666666666666,"[24, 48]",0.5,1.0,0.6666666666666666,[],0.0,0.0,0.0
P91828,"[165, 166, 169, 175]","[165, 166, 169, 175]",1.0,1.0,1.0,"[165, 166, 169, 175, 224]",0.8,1.0,0.888888888888889,[166],1.0,0.25,0.4
Q24488,"[442, 539]","[442, 539]",1.0,1.0,1.0,"[539, 543, 558]",0.3333333333333333,0.5,0.4,[539],1.0,0.5,0.6666666666666666
F4JNL3,"[157, 294, 314]","[157, 294, 314]",1.0,1.0,1.0,"[151, 154, 157, 294, 314]",0.6,1.0,0.7499999999999999,"[157, 294, 314]",1.0,1.0,1.0
P41734,"[12, 53, 83, 187, 190]","[12, 187, 190]",1.0,0.6,0.7499999999999999,"[12, 83, 84, 187, 190]",0.8,0.8,0.8000000000000002,"[12, 187, 190]",1.0,0.6,0.7499999999999999
P30043,"[35, 132, 153, 154]",[128],0.0,0.0,0.0,[200],0.0,0.0,0.0,[],0.0,0.0,0.0
B1L6M8,"[90, 125, 278, 280, 283]","[280, 283]",1.0,0.4,0.5714285714285715,"[125, 248, 249, 250, 278, 283]",0.5,0.6,0.5454545454545454,[90],1.0,0.2,0.33333333333333337
Q936X2,"[91, 165, 189]","[91, 165, 189]",1.0,1.0,1.0,"[91, 165, 166, 186, 187, 189, 419]",0.42857142857142855,1.0,0.6,"[91, 165, 189]",1.0,1.0,1.0
P96630,"[75, 76, 79]","[75, 76, 79, 103]",0.75,1.0,0.8571428571428571,"[72, 76, 103]",0.3333333333333333,0.3333333333333333,0.3333333333333333,[76],1.0,0.3333333333333333,0.5
Q99558,"[429, 515]","[429, 515]",1.0,1.0,1.0,"[515, 517]",0.5,0.5,0.5,[515],1.0,0.5,0.6666666666666666
A6R104,[162],"[146, 162]",0.5,1.0,0.6666666666666666,"[126, 146, 198]",0.0,0.0,0.0,[],0.0,0.0,0.0
Q7M0R2,"[133, 156, 198, 207]","[156, 198]",1.0,0.5,0.6666666666666666,[199],0.0,0.0,0.0,[],0.0,0.0,0.0
C1F1C7,"[172, 267]","[12, 172, 267]",0.6666666666666666,1.0,0.8,"[24, 172, 265, 267]",0.5,1.0,0.6666666666666666,[],0.0,0.0,0.0
O28242,"[57, 121, 190, 226]",[121],1.0,0.25,0.4,"[57, 121]",1.0,0.5,0.6666666666666666,"[121, 190]",1.0,0.5,0.6666666666666666
O42773,"[120, 122, 148, 180, 181, 229, 311]","[120, 122, 148, 180, 181, 229, 311, 430]",0.875,1.0,0.9333333333333333,"[120, 122, 148, 151, 152, 180, 181, 229, 284, 311]",0.7,1.0,0.8235294117647058,[181],1.0,0.14285714285714285,0.25
O94702,"[161, 173, 207, 208, 234, 306, 307]","[161, 173, 207, 208, 234, 282, 296, 306, 307]",0.7777777777777778,1.0,0.8750000000000001,"[161, 163, 173, 207, 208, 282, 307, 311]",0.625,0.7142857142857143,0.6666666666666666,[],0.0,0.0,0.0
Q3S8P9,"[32, 92, 155, 186, 227, 341]","[32, 117, 155, 186, 227, 341]",0.8333333333333334,0.8333333333333334,0.8333333333333334,"[117, 155, 183, 219]",0.25,0.16666666666666666,0.2,[],0.0,0.0,0.0
Q28CZ9,"[89, 112]","[89, 112, 290, 353, 402, 471, 503]",0.2857142857142857,1.0,0.4444444444444445,"[89, 495]",0.5,0.5,0.5,[],0.0,0.0,0.0
B7XHR6,"[96, 188]","[96, 188]",1.0,1.0,1.0,"[8, 188, 190, 193, 225]",0.2,0.5,0.28571428571428575,[188],1.0,0.5,0.6666666666666666
Q9C533,[193],"[193, 208]",0.5,1.0,0.6666666666666666,"[345, 512]",0.0,0.0,0.0,[193],1.0,1.0,1.0
Q12303,"[81, 288]","[81, 288]",1.0,1.0,1.0,"[81, 84, 129, 212, 288, 292]",0.3333333333333333,1.0,0.5,"[81, 288]",1.0,1.0,1.0
P21514,"[127, 141, 200, 232, 262, 286, 341]","[141, 232, 262, 263, 283, 319, 339]",0.42857142857142855,0.42857142857142855,0.42857142857142855,"[51, 283]",0.0,0.0,0.0,[319],0.0,0.0,0.0
A1B8Z0,"[67, 110, 159, 199, 226, 291]","[67, 110, 111, 159, 222]",0.6,0.5,0.5454545454545454,[222],0.0,0.0,0.0,[67],1.0,0.16666666666666666,0.2857142857142857
P37349,"[9, 169, 430]","[9, 169, 430]",1.0,1.0,1.0,"[9, 70, 169, 430]",0.75,1.0,0.8571428571428571,"[9, 430]",1.0,0.6666666666666666,0.8
Q8T0S6,"[71, 161]","[71, 161]",1.0,1.0,1.0,"[161, 163, 166]",0.3333333333333333,0.5,0.4,[161],1.0,0.5,0.6666666666666666
Q9I5W4,"[696, 697, 700]","[696, 697, 700, 716]",0.75,1.0,0.8571428571428571,"[697, 716]",0.5,0.3333333333333333,0.4,[697],1.0,0.3333333333333333,0.5
Q9XSL6,"[170, 340, 341, 344, 350]","[170, 340, 341, 344, 350]",1.0,1.0,1.0,"[340, 341, 344, 350]",1.0,0.8,0.888888888888889,[341],1.0,0.2,0.33333333333333337
P54511,"[150, 165]","[85, 150, 165]",0.6666666666666666,1.0,0.8,"[150, 165]",1.0,1.0,1.0,[],0.0,0.0,0.0
P77791,"[83, 113, 140, 158, 178, 181]",[113],1.0,0.16666666666666666,0.2857142857142857,"[69, 70, 113, 125]",0.25,0.16666666666666666,0.2,[],0.0,0.0,0.0
Q9LIG0,"[120, 122, 313]","[120, 122, 313]",1.0,1.0,1.0,"[122, 177, 179, 313]",0.5,0.6666666666666666,0.5714285714285715,[],0.0,0.0,0.0
A0A1U8QFC3,[493],[493],1.0,1.0,1.0,"[358, 493]",0.5,1.0,0.6666666666666666,[],0.0,0.0,0.0
Q0V147,"[240, 251, 375, 416]","[223, 240, 251, 336, 343, 375, 416]",0.5714285714285714,1.0,0.7272727272727273,"[223, 240, 251, 332, 336, 343, 375, 414, 416]",0.4444444444444444,1.0,0.6153846153846153,[],0.0,0.0,0.0
Q55CS8,[639],[639],1.0,1.0,1.0,"[609, 639, 645, 646]",0.25,1.0,0.4,[639],1.0,1.0,1.0
P23298,"[384, 479]","[384, 479]",1.0,1.0,1.0,"[479, 481, 484, 517]",0.25,0.5,0.3333333333333333,[479],1.0,0.5,0.6666666666666666
Q96329,"[181, 207, 288, 324, 381, 385, 409, 428]","[313, 324]",0.5,0.125,0.2,"[124, 172, 365, 408, 420]",0.0,0.0,0.0,[408],0.0,0.0,0.0
O93939,"[218, 341]","[218, 300, 341]",0.6666666666666666,1.0,0.8,"[50, 117, 217, 302, 341]",0.2,0.5,0.28571428571428575,[],0.0,0.0,0.0
Q23544,"[274, 404, 448]","[274, 404, 408, 448]",0.75,1.0,0.8571428571428571,"[270, 404, 412, 415]",0.25,0.3333333333333333,0.28571428571428575,[404],1.0,0.3333333333333333,0.5
P55356,"[101, 242, 244, 246]","[101, 102, 242, 244, 246]",0.8,1.0,0.888888888888889,"[52, 101, 102, 111, 244, 246, 323, 438]",0.375,0.75,0.5,[101],1.0,0.25,0.4
Q9FK51,"[63, 66, 94, 133, 173, 184, 186, 188, 216, 219, 255, 310, 321]","[63, 66, 133, 184, 186]",1.0,0.38461538461538464,0.5555555555555556,"[63, 66, 133, 173, 180, 181, 184, 186, 188]",0.7777777777777778,0.5384615384615384,0.6363636363636364,[],0.0,0.0,0.0
Q54528,"[102, 248, 276]","[32, 102, 219, 248, 276]",0.6,1.0,0.7499999999999999,"[32, 61, 102, 103, 219, 248, 276]",0.42857142857142855,1.0,0.6,"[102, 248, 276]",1.0,1.0,1.0
E7EZI4,[159],[159],1.0,1.0,1.0,[],0.0,0.0,0.0,[159],1.0,1.0,1.0
Q8VIV2,[2],[2],1.0,1.0,1.0,"[2, 113]",0.5,1.0,0.6666666666666666,[2],1.0,1.0,1.0
O14156,"[92, 308, 347]","[92, 93, 308, 347]",0.75,1.0,0.8571428571428571,"[92, 94, 275, 307, 308, 347]",0.5,1.0,0.6666666666666666,[],0.0,0.0,0.0
P22216,"[227, 319]","[227, 319]",1.0,1.0,1.0,"[319, 321, 358, 361]",0.25,0.5,0.3333333333333333,[319],1.0,0.5,0.6666666666666666
P04635,"[369, 535, 559, 599, 600, 602, 607, 610]","[369, 559, 600]",1.0,0.375,0.5454545454545454,"[369, 370, 559, 600, 606]",0.6,0.375,0.4615384615384615,"[369, 559, 600]",1.0,0.375,0.5454545454545454
P39840,"[177, 230, 283]","[74, 101, 177, 230, 283]",0.6,1.0,0.7499999999999999,"[101, 177, 283]",0.6666666666666666,0.6666666666666666,0.6666666666666666,"[177, 283]",1.0,0.6666666666666666,0.8
Q54970,"[441, 468, 470]","[53, 441, 468]",0.6666666666666666,0.6666666666666666,0.6666666666666666,"[115, 116, 258, 388, 474, 477]",0.0,0.0,0.0,[],0.0,0.0,0.0
Q9HKT1,"[72, 85, 137, 138, 145, 149, 163]",[145],1.0,0.14285714285714285,0.25,[145],1.0,0.14285714285714285,0.25,[],0.0,0.0,0.0
P15109,[130],[],0.0,0.0,0.0,[122],0.0,0.0,0.0,[],0.0,0.0,0.0
Q5A3P6,"[269, 325, 364, 368, 382]","[269, 364]",1.0,0.4,0.5714285714285715,"[364, 366, 368, 369, 411]",0.4,0.4,0.4000000000000001,[364],1.0,0.2,0.33333333333333337
Q9XB60,[131],"[131, 229, 248]",0.3333333333333333,1.0,0.5,"[62, 131, 138, 229]",0.25,1.0,0.4,[131],1.0,1.0,1.0
Q5FR18,"[89, 120, 195, 217, 222]","[89, 120, 195, 217, 222]",1.0,1.0,1.0,"[87, 92, 124, 147, 192, 222]",0.16666666666666666,0.2,0.1818181818181818,[222],1.0,0.2,0.33333333333333337
C7EXL6,[301],"[301, 355, 431]",0.3333333333333333,1.0,0.5,"[198, 247, 248, 296, 301, 355, 435]",0.14285714285714285,1.0,0.25,[301],1.0,1.0,1.0
A0A2P1BT06,[267],"[138, 139, 267, 364, 534, 700]",0.16666666666666666,1.0,0.2857142857142857,"[534, 543, 685]",0.0,0.0,0.0,[],0.0,0.0,0.0
Q54ME1,"[262, 397, 415]","[262, 397, 415]",1.0,1.0,1.0,"[37, 128, 256, 262, 397]",0.4,0.6666666666666666,0.5,"[262, 397, 415]",1.0,1.0,1.0
P51599,"[202, 205, 273]","[202, 204, 205, 209, 273]",0.6,1.0,0.7499999999999999,"[202, 204, 205, 243, 271, 273]",0.5,1.0,0.6666666666666666,[],0.0,0.0,0.0
C4LK80,"[314, 439, 488, 684]","[488, 513, 516, 597]",0.25,0.25,0.25,"[340, 439, 484, 488, 513, 516, 567]",0.2857142857142857,0.5,0.36363636363636365,[567],0.0,0.0,0.0
Q54QG0,"[53, 226, 509, 654]","[108, 110]",0.0,0.0,0.0,"[111, 199, 226, 679]",0.25,0.25,0.25,[226],1.0,0.25,0.4
A2PU44,[130],[526],0.0,0.0,0.0,[130],1.0,1.0,1.0,[130],1.0,1.0,1.0
P53219,"[152, 319]","[152, 176, 319]",0.6666666666666666,1.0,0.8,"[83, 152, 319]",0.6666666666666666,1.0,0.8,"[152, 319]",1.0,1.0,1.0
Q9ZQ31,"[157, 256]","[157, 256]",1.0,1.0,1.0,"[157, 179, 256, 258]",0.5,1.0,0.6666666666666666,[256],1.0,0.5,0.6666666666666666
Q9C5S1,[235],[],0.0,0.0,0.0,[235],1.0,1.0,1.0,[235],1.0,1.0,1.0
Q17577,"[415, 430, 522]","[415, 430, 522]",1.0,1.0,1.0,"[185, 187, 240, 274, 436, 522]",0.16666666666666666,0.3333333333333333,0.2222222222222222,[],0.0,0.0,0.0
P30269,"[243, 284, 293, 323, 327, 375, 447]","[243, 293, 323, 375, 447]",1.0,0.7142857142857143,0.8333333333333333,"[244, 321, 323, 375, 446, 447]",0.5,0.42857142857142855,0.4615384615384615,[323],1.0,0.14285714285714285,0.25
S0DS17,[303],[303],1.0,1.0,1.0,"[161, 191, 303]",0.3333333333333333,1.0,0.5,[],0.0,0.0,0.0
Q5WB95,[10],[10],1.0,1.0,1.0,"[99, 147, 149]",0.0,0.0,0.0,[],0.0,0.0,0.0
Q4PHZ2,[319],"[319, 379, 427]",0.3333333333333333,1.0,0.5,"[318, 319, 320, 427]",0.25,1.0,0.4,"[319, 379, 427]",0.3333333333333333,1.0,0.5
Q6LX63,"[66, 85, 88, 229, 355, 360, 441, 458, 460, 468, 528]","[66, 85, 87, 88, 198, 229, 355, 441, 460, 468]",0.8,0.7272727272727273,0.761904761904762,[85],1.0,0.09090909090909091,0.16666666666666669,[355],1.0,0.09090909090909091,0.16666666666666669
Q9ZJ81,"[70, 167, 169, 177, 236]","[70, 150, 169, 177]",0.75,0.6,0.6666666666666665,"[179, 234]",0.0,0.0,0.0,[70],1.0,0.2,0.33333333333333337
Q8L493,"[128, 222, 255]",[],0.0,0.0,0.0,"[222, 255]",1.0,0.6666666666666666,0.8,[],0.0,0.0,0.0
P95481,"[313, 321, 332]","[313, 332]",1.0,0.6666666666666666,0.8,"[137, 261, 310, 313]",0.25,0.3333333333333333,0.28571428571428575,[],0.0,0.0,0.0
P23872,"[165, 262, 292]","[165, 262, 292]",1.0,1.0,1.0,"[165, 195, 262, 292, 296]",0.6,1.0,0.7499999999999999,"[165, 262, 292]",1.0,1.0,1.0
Q4PSE8,"[69, 70, 231, 270]","[69, 70, 231, 270]",1.0,1.0,1.0,"[69, 71, 144, 230, 231, 270]",0.5,0.75,0.6,[],0.0,0.0,0.0
Q54PK9,"[300, 355, 394, 398, 412]","[300, 394]",1.0,0.4,0.5714285714285715,"[394, 396, 398, 399, 436, 825]",0.3333333333333333,0.4,0.3636363636363636,[394],1.0,0.2,0.33333333333333337
Q8THG6,"[15, 19, 22]",[22],1.0,0.3333333333333333,0.5,"[6, 15, 19, 45, 88]",0.4,0.6666666666666666,0.5,[],0.0,0.0,0.0
Q6AIT8,"[9, 59, 119, 146, 187, 208, 212]","[9, 59, 119, 146, 187, 208, 212]",1.0,1.0,1.0,"[63, 119, 146, 187]",0.75,0.42857142857142855,0.5454545454545454,"[119, 146]",1.0,0.2857142857142857,0.4444444444444445
P21182,"[29, 32, 88, 102, 287, 301]",[],0.0,0.0,0.0,"[102, 287, 301]",1.0,0.5,0.6666666666666666,[],0.0,0.0,0.0
O77081,"[100, 159, 184, 192, 196, 239, 284, 299]",[184],1.0,0.125,0.2222222222222222,"[79, 159, 192, 196]",0.75,0.375,0.5,"[79, 100, 192]",0.6666666666666666,0.25,0.36363636363636365
Q4WD45,"[394, 431, 433]","[235, 271, 316, 392, 394, 431, 435]",0.2857142857142857,0.6666666666666666,0.4,"[316, 318, 336, 339, 392, 394, 396, 431, 435]",0.2222222222222222,0.6666666666666666,0.3333333333333333,[],0.0,0.0,0.0
P0A7A5,[59],"[59, 104]",0.5,1.0,0.6666666666666666,"[32, 59]",0.5,1.0,0.6666666666666666,[],0.0,0.0,0.0
A5FZN7,"[16, 37, 41, 52, 118]","[16, 37, 41, 52, 118]",1.0,1.0,1.0,"[11, 12, 15, 16, 37, 41, 52, 118, 183]",0.5555555555555556,1.0,0.7142857142857143,[],0.0,0.0,0.0
P12546,"[68, 126, 218]","[68, 126, 218]",1.0,1.0,1.0,"[29, 68, 126, 216, 218, 236, 249]",0.42857142857142855,1.0,0.6,"[68, 126, 218]",1.0,1.0,1.0
A8BQJ3,"[336, 404, 407, 649, 720, 723]","[340, 407, 653, 723]",0.5,0.3333333333333333,0.4,"[284, 336, 340, 400, 404, 407, 438, 649, 653, 716, 723]",0.45454545454545453,0.8333333333333334,0.5882352941176471,"[340, 407, 653, 723]",0.5,0.3333333333333333,0.4
Q8NE63,"[40, 136]","[40, 136]",1.0,1.0,1.0,"[134, 136, 138]",0.3333333333333333,0.5,0.4,[136],1.0,0.5,0.6666666666666666
P33180,"[38, 53, 64, 224, 228, 256]","[38, 42, 53, 224, 228, 256]",0.8333333333333334,0.8333333333333334,0.8333333333333334,"[44, 52, 224, 228, 255, 260, 320]",0.2857142857142857,0.3333333333333333,0.30769230769230765,[],0.0,0.0,0.0
Q9FM79,"[164, 198, 220, 221, 242, 298, 300]","[164, 198, 220, 221, 242, 298, 300]",1.0,1.0,1.0,"[198, 220, 221, 242]",1.0,0.5714285714285714,0.7272727272727273,"[221, 242]",1.0,0.2857142857142857,0.4444444444444445
P41654,"[11, 14, 41]","[11, 14, 41]",1.0,1.0,1.0,[],0.0,0.0,0.0,[65],0.0,0.0,0.0
Q9HV27,"[180, 220, 221, 249, 281, 282]","[17, 18, 61, 63, 113, 137, 180, 221, 224, 281, 310]",0.2727272727272727,0.5,0.3529411764705882,"[180, 224, 281, 282, 310, 314]",0.5,0.5,0.5,[],0.0,0.0,0.0
O34705,"[88, 206, 236]","[88, 206, 236]",1.0,1.0,1.0,"[88, 206, 236]",1.0,1.0,1.0,"[88, 206, 236]",1.0,1.0,1.0
Q02595,"[140, 230]","[140, 230]",1.0,1.0,1.0,"[230, 232, 269]",0.3333333333333333,0.5,0.4,[230],1.0,0.5,0.6666666666666666
O02002,"[154, 196]","[154, 196]",1.0,1.0,1.0,"[154, 186, 196]",0.6666666666666666,1.0,0.8,"[154, 196]",1.0,1.0,1.0
O25503,"[29, 83, 155]","[29, 59, 83, 101, 146]",0.4,0.6666666666666666,0.5,[],0.0,0.0,0.0,"[2, 155]",0.5,0.3333333333333333,0.4
P38838,"[115, 116, 119, 125]","[115, 116, 119, 125]",1.0,1.0,1.0,"[116, 125]",1.0,0.5,0.6666666666666666,[116],1.0,0.25,0.4
P84142,"[20, 38]","[20, 38]",1.0,1.0,1.0,"[20, 38]",1.0,1.0,1.0,"[20, 38]",1.0,1.0,1.0
Q0P9D4,"[351, 355, 397, 409, 433, 441, 458, 523, 526]",[409],1.0,0.1111111111111111,0.19999999999999998,"[16, 125, 255, 409, 527]",0.2,0.1111111111111111,0.14285714285714285,[397],1.0,0.1111111111111111,0.19999999999999998
Q869L4,"[46, 138]","[46, 138]",1.0,1.0,1.0,"[138, 140]",0.5,0.5,0.5,[138],1.0,0.5,0.6666666666666666
Q2UPB4,"[93, 122, 294]","[62, 122, 294]",0.6666666666666666,0.6666666666666666,0.6666666666666666,[301],0.0,0.0,0.0,[],0.0,0.0,0.0
D3DFS4,[93],[],0.0,0.0,0.0,"[93, 219, 261, 263]",0.25,1.0,0.4,[93],1.0,1.0,1.0
E4N7E5,"[75, 78, 79, 83, 171, 217, 221, 225]","[78, 171, 217, 221, 225]",1.0,0.625,0.7692307692307693,"[74, 75, 78, 145, 217, 221, 224, 228, 303, 304]",0.4,0.5,0.4444444444444445,[],0.0,0.0,0.0
Q7Z9M7,"[20, 108, 195]","[20, 184, 193]",0.3333333333333333,0.3333333333333333,0.3333333333333333,"[20, 108, 184]",0.6666666666666666,0.6666666666666666,0.6666666666666666,[],0.0,0.0,0.0
Q2NL51,"[148, 244]","[148, 244]",1.0,1.0,1.0,"[244, 246]",0.5,0.5,0.5,[244],1.0,0.5,0.6666666666666666
P16854,"[191, 324, 442]","[191, 324, 442]",1.0,1.0,1.0,"[141, 191, 324, 442]",0.75,1.0,0.8571428571428571,"[191, 324, 442]",1.0,1.0,1.0
Q86KK2,"[28, 84, 97, 99]",[97],1.0,0.25,0.4,"[84, 95, 97, 99]",0.75,0.75,0.75,[],0.0,0.0,0.0
P42790,"[295, 299, 502, 543, 544, 559, 561, 563]","[295, 299, 385, 502]",0.75,0.375,0.5,"[295, 299, 385, 502]",0.75,0.375,0.5,[502],1.0,0.125,0.2222222222222222
O26901,[26],[367],0.0,0.0,0.0,"[51, 364, 367]",0.0,0.0,0.0,[],0.0,0.0,0.0
A0A166YZU9,[353],[353],1.0,1.0,1.0,"[197, 267, 353]",0.3333333333333333,1.0,0.5,[],0.0,0.0,0.0
P27874,"[333, 346]","[25, 157, 333, 346]",0.5,1.0,0.6666666666666666,"[157, 333, 346]",0.6666666666666666,1.0,0.8,"[25, 107, 157]",0.0,0.0,0.0
Q06522,[109],"[109, 255, 289]",0.3333333333333333,1.0,0.5,"[38, 109, 110, 289]",0.25,1.0,0.4,[289],0.0,0.0,0.0
L0E155,"[48, 70, 79, 82, 108, 144, 168, 399, 412, 494, 597, 600, 613, 616]","[144, 399]",1.0,0.14285714285714285,0.25,[487],0.0,0.0,0.0,[],0.0,0.0,0.0
Q9VHV1,"[21, 26, 58, 113, 114]","[21, 23, 113, 114]",0.75,0.6,0.6666666666666665,"[195, 202]",0.0,0.0,0.0,[114],1.0,0.2,0.33333333333333337
Q98KK0,"[201, 203, 344]","[201, 203, 344]",1.0,1.0,1.0,"[201, 203, 260, 344, 361]",0.6,1.0,0.7499999999999999,[],0.0,0.0,0.0
Q9Y7L4,"[86, 386, 389, 395]","[86, 209, 386, 389, 395]",0.8,1.0,0.888888888888889,"[112, 209]",0.0,0.0,0.0,[176],0.0,0.0,0.0
P9WLL7,[67],[117],0.0,0.0,0.0,"[61, 64, 117]",0.0,0.0,0.0,[],0.0,0.0,0.0
P33663,"[69, 103, 120]","[35, 39, 69, 85, 102, 103, 120, 214]",0.375,1.0,0.5454545454545454,"[101, 102, 103, 120, 233]",0.4,0.6666666666666666,0.5,[123],0.0,0.0,0.0
Q9JJN0,"[13, 14, 61, 115, 116, 616, 619, 631, 635]","[13, 115]",1.0,0.2222222222222222,0.3636363636363636,[223],0.0,0.0,0.0,[116],1.0,0.1111111111111111,0.19999999999999998
Q9SJA1,"[64, 67, 75, 78, 84, 88, 97, 101, 183, 439]","[97, 183, 439]",1.0,0.3,0.4615384615384615,"[178, 183, 439]",0.6666666666666666,0.2,0.30769230769230765,"[183, 439]",1.0,0.2,0.33333333333333337
P0CD62,"[729, 825]","[729, 825]",1.0,1.0,1.0,[825],1.0,0.5,0.6666666666666666,[825],1.0,0.5,0.6666666666666666
Q01198,"[144, 157]","[144, 157, 161]",0.6666666666666666,1.0,0.8,"[115, 144, 157, 161]",0.5,1.0,0.6666666666666666,[161],0.0,0.0,0.0
Q4WEE0,[131],[131],1.0,1.0,1.0,"[24, 34, 91, 131, 132]",0.2,1.0,0.33333333333333337,[24],0.0,0.0,0.0
Q57749,"[116, 186, 228, 265]","[80, 82, 84, 85, 208, 210, 237, 265, 266]",0.1111111111111111,0.25,0.15384615384615383,"[80, 82, 84, 85, 208, 210, 237, 265, 266]",0.1111111111111111,0.25,0.15384615384615383,[84],0.0,0.0,0.0
P34205,[333],[],0.0,0.0,0.0,"[116, 378, 382, 451, 455]",0.0,0.0,0.0,[],0.0,0.0,0.0
O83859,[44],[44],1.0,1.0,1.0,"[44, 72, 86, 200]",0.25,1.0,0.4,[44],1.0,1.0,1.0
Q54XL6,"[126, 221]","[126, 221]",1.0,1.0,1.0,"[221, 223, 226]",0.3333333333333333,0.5,0.4,[221],1.0,0.5,0.6666666666666666
D3KVM6,[113],[114],0.0,0.0,0.0,[113],1.0,1.0,1.0,[],0.0,0.0,0.0
Q9ZI86,"[269, 330, 382]","[269, 330, 382]",1.0,1.0,1.0,"[269, 316, 330, 382, 436]",0.6,1.0,0.7499999999999999,"[269, 330, 382]",1.0,1.0,1.0
Q9Z175,"[608, 610, 612]","[72, 137, 139, 399, 608, 610, 612]",0.42857142857142855,1.0,0.6,[612],1.0,0.3333333333333333,0.5,[],0.0,0.0,0.0
S0DQ98,[227],[227],1.0,1.0,1.0,[65],0.0,0.0,0.0,[],0.0,0.0,0.0
B0R9W6,"[44, 48, 52, 55, 57, 90, 92]","[44, 48, 52, 55, 90, 92, 180]",0.8571428571428571,0.8571428571428571,0.8571428571428571,"[42, 48, 52, 55, 117, 136, 245, 247]",0.375,0.42857142857142855,0.39999999999999997,[],0.0,0.0,0.0
O54571,"[75, 80, 142]","[98, 142, 168]",0.3333333333333333,0.3333333333333333,0.3333333333333333,"[54, 89, 142]",0.3333333333333333,0.3333333333333333,0.3333333333333333,[],0.0,0.0,0.0
C0SPA0,"[406, 435, 525]","[219, 404, 406, 435, 525]",0.6,1.0,0.7499999999999999,"[221, 435, 437, 525]",0.5,0.6666666666666666,0.5714285714285715,"[406, 435]",1.0,0.6666666666666666,0.8
Q7UK67,"[124, 149]","[124, 149]",1.0,1.0,1.0,"[95, 124, 149, 198]",0.5,1.0,0.6666666666666666,"[124, 149]",1.0,1.0,1.0
Q9HLE6,"[25, 115, 183, 293, 320, 321, 324, 365, 391]","[25, 115, 183, 186, 293, 320, 321, 324, 365, 391]",0.9,1.0,0.9473684210526316,"[20, 91, 224, 226, 321, 364, 365, 391]",0.375,0.3333333333333333,0.35294117647058826,[293],1.0,0.1111111111111111,0.19999999999999998
Q54CD6,[233],[373],0.0,0.0,0.0,"[178, 256, 553, 557, 560]",0.0,0.0,0.0,[],0.0,0.0,0.0
Q5B998,"[95, 119, 212, 227]","[95, 119, 212, 227]",1.0,1.0,1.0,"[119, 223, 227]",0.6666666666666666,0.5,0.5714285714285715,[227],1.0,0.25,0.4
O45686,"[140, 159, 318, 331]","[140, 156, 318]",0.6666666666666666,0.5,0.5714285714285715,"[140, 159, 221, 318, 331]",0.8,1.0,0.888888888888889,[],0.0,0.0,0.0
Q7XQZ6,"[40, 127, 166, 196, 234, 237, 312, 322, 325, 341, 363, 402, 406, 410, 414]","[40, 322, 363]",1.0,0.2,0.33333333333333337,"[40, 164]",0.5,0.06666666666666667,0.11764705882352941,[],0.0,0.0,0.0
Q54Y55,"[51, 147]","[51, 147]",1.0,1.0,1.0,"[147, 421]",0.5,0.5,0.5,[147],1.0,0.5,0.6666666666666666
Q54F47,[441],[441],1.0,1.0,1.0,"[302, 310, 311, 441]",0.25,1.0,0.4,[],0.0,0.0,0.0
Q1ZXC8,"[47, 137]","[47, 137]",1.0,1.0,1.0,"[137, 139, 177, 287]",0.25,0.5,0.3333333333333333,[137],1.0,0.5,0.6666666666666666
Q8C2P3,"[79, 108, 147, 175]","[79, 108, 147, 175]",1.0,1.0,1.0,"[108, 147, 175]",1.0,0.75,0.8571428571428571,[],0.0,0.0,0.0
Q08548,"[146, 297, 382]","[344, 382]",0.5,0.3333333333333333,0.4,[388],0.0,0.0,0.0,[382],1.0,0.3333333333333333,0.5
P0CU70,[472],[472],1.0,1.0,1.0,"[321, 472, 481]",0.3333333333333333,1.0,0.5,[],0.0,0.0,0.0
Q503I8,"[236, 239, 268, 271, 294, 321, 338]","[236, 239, 268, 271, 294, 296, 321]",0.8571428571428571,0.8571428571428571,0.8571428571428571,"[294, 321, 338]",1.0,0.42857142857142855,0.6,"[294, 321, 338]",1.0,0.42857142857142855,0.6
P25472,"[159, 264]","[159, 264]",1.0,1.0,1.0,"[74, 220, 264, 450]",0.25,0.5,0.3333333333333333,"[159, 264]",1.0,1.0,1.0
J3K844,"[50, 70, 72, 118]","[50, 70, 84, 118]",0.75,0.75,0.75,"[50, 72, 84, 120, 238]",0.4,0.5,0.4444444444444445,"[50, 84]",0.5,0.25,0.3333333333333333
Q9FI61,[88],[88],1.0,1.0,1.0,[88],1.0,1.0,1.0,[88],1.0,1.0,1.0
P06279,"[139, 196, 218, 220, 231, 237, 238, 239, 268, 272, 298, 337, 339, 365, 440, 441, 464]","[268, 298, 365]",1.0,0.17647058823529413,0.3,"[266, 268, 298, 364, 365]",0.6,0.17647058823529413,0.2727272727272727,"[268, 298]",1.0,0.11764705882352941,0.21052631578947367
O16977,"[291, 292, 295, 301]","[291, 292, 295, 301]",1.0,1.0,1.0,"[291, 292, 295, 301, 305, 349]",0.6666666666666666,1.0,0.8,[292],1.0,0.25,0.4
Q9F3C7,"[194, 195, 208, 210, 272, 277]",[272],1.0,0.16666666666666666,0.2857142857142857,[],0.0,0.0,0.0,[],0.0,0.0,0.0
C0QRQ2,"[150, 273]","[148, 150, 246]",0.3333333333333333,0.5,0.4,[273],1.0,0.5,0.6666666666666666,[],0.0,0.0,0.0
Q3E989,"[302, 324, 325, 346, 415, 417]","[324, 325, 346, 417]",1.0,0.6666666666666666,0.8,"[302, 324, 325, 346]",1.0,0.6666666666666666,0.8,"[325, 346]",1.0,0.3333333333333333,0.5
C0LGK4,"[555, 657]",[555],1.0,0.5,0.6666666666666666,[],0.0,0.0,0.0,[657],1.0,0.5,0.6666666666666666
P41963,"[89, 91, 106, 114, 123, 126, 163]","[89, 91, 106, 114, 123, 126, 163]",1.0,1.0,1.0,"[106, 189]",0.5,0.14285714285714285,0.22222222222222224,[],0.0,0.0,0.0
Q7ZVS8,"[121, 152, 171, 239, 279]","[121, 152, 239, 279]",1.0,0.8,0.888888888888889,"[279, 316]",0.5,0.2,0.28571428571428575,[279],1.0,0.2,0.33333333333333337
Q7Z5A4,"[120, 166, 267]","[120, 166, 267]",1.0,1.0,1.0,"[120, 166, 265, 267, 268]",0.6,1.0,0.7499999999999999,"[120, 166, 267]",1.0,1.0,1.0
Q74CU0,"[500, 502, 579, 632, 661]","[11, 13, 72, 98, 99, 500, 502]",0.2857142857142857,0.4,0.3333333333333333,"[11, 13, 97, 99, 149, 340, 402, 443, 619]",0.0,0.0,0.0,[7],0.0,0.0,0.0
O29867,"[47, 81, 154, 161, 162, 163, 360, 426, 618]","[47, 154, 161, 162, 163, 360, 426, 618]",1.0,0.8888888888888888,0.9411764705882353,"[163, 325, 360, 552, 618]",0.6,0.3333333333333333,0.42857142857142855,[],0.0,0.0,0.0
Q1ECV4,"[390, 392]","[390, 392]",1.0,1.0,1.0,"[158, 343, 392, 416, 512, 527]",0.16666666666666666,0.5,0.25,[],0.0,0.0,0.0
Q9S850,"[98, 202, 207]","[98, 202, 207]",1.0,1.0,1.0,"[98, 202, 241]",0.6666666666666666,0.6666666666666666,0.6666666666666666,[],0.0,0.0,0.0
Q9FXG2,"[153, 239, 376]","[273, 380, 387, 398]",0.0,0.0,0.0,"[153, 239, 271, 282, 380, 405, 409, 463]",0.25,0.6666666666666666,0.36363636363636365,[],0.0,0.0,0.0
Q796K8,[415],"[18, 415]",0.5,1.0,0.6666666666666666,"[182, 415, 418, 469, 631]",0.2,1.0,0.33333333333333337,[],0.0,0.0,0.0
O57712,"[233, 238, 260, 277, 304, 327]","[233, 238, 260, 277, 283, 304, 327]",0.8571428571428571,1.0,0.923076923076923,"[277, 280, 327]",0.6666666666666666,0.3333333333333333,0.4444444444444444,[327],1.0,0.16666666666666666,0.2857142857142857
B0G0Y8,"[213, 217, 253, 254, 364]","[213, 217, 253, 254, 257, 364]",0.8333333333333334,1.0,0.9090909090909091,"[109, 213, 217, 253, 257, 283]",0.5,0.6,0.5454545454545454,[213],1.0,0.2,0.33333333333333337
Q9K8X1,"[62, 64, 141, 194, 225]","[62, 64, 137, 187]",0.5,0.4,0.4444444444444445,"[135, 194, 229]",0.3333333333333333,0.2,0.25,[],0.0,0.0,0.0
E6R427,"[133, 138, 141, 181]","[119, 133, 138, 141, 181]",0.8,1.0,0.888888888888889,"[133, 141, 181, 211]",0.75,0.75,0.75,[],0.0,0.0,0.0
Q54TH6,"[361, 454]","[361, 454]",1.0,1.0,1.0,"[361, 454, 456]",0.6666666666666666,1.0,0.8,[454],1.0,0.5,0.6666666666666666
Q84MA1,"[328, 355, 465, 516]","[328, 333, 355, 465, 471, 493, 516]",0.5714285714285714,1.0,0.7272727272727273,"[465, 468]",0.5,0.25,0.3333333333333333,[516],1.0,0.25,0.4
P45951,"[282, 313, 389, 429, 431, 501, 526, 527]","[284, 313, 429, 431, 501, 527]",0.8333333333333334,0.625,0.7142857142857143,"[312, 389, 403, 429, 501, 527]",0.6666666666666666,0.5,0.5714285714285715,"[389, 429, 527]",1.0,0.375,0.5454545454545454
E5A7D6,[495],[495],1.0,1.0,1.0,"[341, 495]",0.5,1.0,0.6666666666666666,[],0.0,0.0,0.0
Q20085,"[135, 224, 229, 242]","[135, 224]",1.0,0.5,0.6666666666666666,"[135, 224, 226]",0.6666666666666666,0.5,0.5714285714285715,[224],1.0,0.25,0.4
Q9YDW0,"[112, 166, 310]","[112, 166, 257]",0.6666666666666666,0.6666666666666666,0.6666666666666666,"[112, 144, 156, 164, 260, 284, 319]",0.14285714285714285,0.3333333333333333,0.2,[],0.0,0.0,0.0
Q7RX33,"[88, 119, 125, 146, 202, 242, 413, 506, 510]","[88, 119, 125, 146, 202, 242, 410, 413, 506, 510, 826]",0.8181818181818182,1.0,0.9,"[510, 830]",0.5,0.1111111111111111,0.1818181818181818,[413],1.0,0.1111111111111111,0.19999999999999998
Q9N2V9,"[502, 506, 542, 543, 656]","[502, 506, 542, 543, 546, 656, 659]",0.7142857142857143,1.0,0.8333333333333333,"[501, 506, 542, 546, 572, 677]",0.3333333333333333,0.4,0.3636363636363636,[502],1.0,0.2,0.33333333333333337
A5JTM5,"[24, 90, 114, 145, 257]","[114, 137]",0.5,0.2,0.28571428571428575,"[64, 145, 252]",0.3333333333333333,0.2,0.25,[],0.0,0.0,0.0
P83179,[70],"[7, 96, 138]",0.0,0.0,0.0,"[79, 81, 96]",0.0,0.0,0.0,[96],0.0,0.0,0.0
Q8C015,"[478, 568]","[478, 568]",1.0,1.0,1.0,"[494, 568, 570]",0.3333333333333333,0.5,0.4,[568],1.0,0.5,0.6666666666666666
Q06584,"[656, 681, 685]","[188, 656, 657, 681, 685]",0.6,1.0,0.7499999999999999,"[657, 685]",0.5,0.3333333333333333,0.4,[657],0.0,0.0,0.0
Q9RV39,"[33, 35, 96, 177]","[35, 138, 223, 230, 256, 257, 278, 310, 342]",0.1111111111111111,0.25,0.15384615384615383,"[23, 35, 67, 256, 257, 260, 310]",0.14285714285714285,0.25,0.18181818181818182,[],0.0,0.0,0.0
Q7M438,"[63, 113, 117]","[63, 112, 113, 117]",0.75,1.0,0.8571428571428571,"[63, 113, 117]",1.0,1.0,1.0,"[63, 113, 117]",1.0,1.0,1.0
P28321,"[123, 251, 281]","[123, 251, 281]",1.0,1.0,1.0,"[123, 251, 281]",1.0,1.0,1.0,"[123, 251, 281]",1.0,1.0,1.0
Q83GI1,"[117, 218]","[25, 27, 117, 218]",0.5,1.0,0.6666666666666666,"[25, 27, 117, 119, 218, 276]",0.3333333333333333,1.0,0.5,"[117, 218]",1.0,1.0,1.0
O22827,[123],"[107, 123]",0.5,1.0,0.6666666666666666,"[87, 107, 141]",0.0,0.0,0.0,[],0.0,0.0,0.0
Q8NB12,"[52, 55, 65, 68, 74, 78, 86, 90, 135, 208, 274, 276, 279]","[52, 55, 65, 68, 74, 78, 86, 90, 208, 274, 276, 279]",1.0,0.9230769230769231,0.9600000000000001,"[68, 252]",0.5,0.07692307692307693,0.13333333333333336,[],0.0,0.0,0.0
Q6ZQ88,"[290, 309, 311, 317, 802]","[309, 317, 591, 802]",0.75,0.6,0.6666666666666665,"[316, 762]",0.0,0.0,0.0,[],0.0,0.0,0.0
P53314,"[39, 41, 150, 152, 155]","[39, 41, 150, 152, 155]",1.0,1.0,1.0,"[39, 150, 152, 155]",1.0,0.8,0.888888888888889,"[39, 150]",1.0,0.4,0.5714285714285715
Q03161,"[57, 81, 86, 159, 203, 264]","[57, 81, 82, 86, 159, 203, 264]",0.8571428571428571,1.0,0.923076923076923,"[82, 159, 264]",0.6666666666666666,0.3333333333333333,0.4444444444444444,"[159, 264]",1.0,0.3333333333333333,0.5
P47473,"[159, 176, 183, 204, 213, 384, 386, 388, 413, 694, 695, 716, 719]","[159, 176, 183, 204, 213, 363, 384, 386, 388, 413, 694, 695]",0.9166666666666666,0.8461538461538461,0.8799999999999999,"[176, 384, 388, 413, 595, 694]",0.8333333333333334,0.38461538461538464,0.5263157894736842,[386],1.0,0.07692307692307693,0.14285714285714288
Q8W583,[66],[66],1.0,1.0,1.0,[],0.0,0.0,0.0,[66],1.0,1.0,1.0
Q7MUW6,"[603, 678, 710]","[603, 678, 710]",1.0,1.0,1.0,"[305, 603, 604, 639, 678, 710]",0.5,1.0,0.6666666666666666,"[603, 678, 710]",1.0,1.0,1.0
Q83WC3,"[171, 172]","[95, 100, 140, 141, 144, 145]",0.0,0.0,0.0,[225],0.0,0.0,0.0,[],0.0,0.0,0.0
P10478,"[645, 754]","[172, 230, 260, 302, 304, 415, 645, 754]",0.25,1.0,0.4,"[172, 230, 260, 645, 754, 756]",0.3333333333333333,1.0,0.5,"[645, 754]",1.0,1.0,1.0
Q8RV79,"[163, 184, 192, 250]","[163, 192]",1.0,0.5,0.6666666666666666,"[98, 163, 192]",0.6666666666666666,0.5,0.5714285714285715,"[163, 184]",1.0,0.5,0.6666666666666666
Q99396,"[274, 317]","[274, 317]",1.0,1.0,1.0,"[391, 422]",0.0,0.0,0.0,[],0.0,0.0,0.0
Q8SV03,"[66, 68]","[66, 68, 174]",0.6666666666666666,1.0,0.8,"[66, 68, 216]",0.6666666666666666,1.0,0.8,"[66, 68]",1.0,1.0,1.0
Q9YD20,"[66, 69, 96, 99]","[66, 69, 96, 99]",1.0,1.0,1.0,[],0.0,0.0,0.0,[],0.0,0.0,0.0
P25524,"[62, 64, 157, 215, 218, 247, 314, 320]","[62, 64, 215, 218, 247, 314]",1.0,0.75,0.8571428571428571,"[64, 157, 218, 314]",1.0,0.5,0.6666666666666666,[218],1.0,0.125,0.2222222222222222
H2VFI5,[212],"[100, 122, 284]",0.0,0.0,0.0,"[11, 100, 205, 303]",0.0,0.0,0.0,[],0.0,0.0,0.0
O59923,"[348, 356, 359, 380, 383, 472]","[296, 299, 348, 356, 359, 380, 383, 472]",0.75,1.0,0.8571428571428571,"[256, 257, 259, 329, 331, 348]",0.16666666666666666,0.16666666666666666,0.16666666666666666,[348],1.0,0.16666666666666666,0.2857142857142857
O13924,"[184, 305]","[184, 305]",1.0,1.0,1.0,"[184, 305]",1.0,1.0,1.0,[305],1.0,0.5,0.6666666666666666
Q6QWR1,"[454, 456, 553, 596]",[553],1.0,0.25,0.4,"[553, 596]",1.0,0.5,0.6666666666666666,"[553, 596]",1.0,0.5,0.6666666666666666
P04390,"[45, 74, 90, 92]","[45, 74]",1.0,0.5,0.6666666666666666,[92],1.0,0.25,0.4,[92],1.0,0.25,0.4
Q10056,"[343, 434]","[343, 434]",1.0,1.0,1.0,"[199, 434, 436, 439, 472]",0.2,0.5,0.28571428571428575,[434],1.0,0.5,0.6666666666666666
O67766,"[76, 78, 97]","[76, 86, 97]",0.6666666666666666,0.6666666666666666,0.6666666666666666,"[19, 76, 82]",0.3333333333333333,0.3333333333333333,0.3333333333333333,[],0.0,0.0,0.0
P95442,"[74, 76, 245, 331]","[74, 76, 245, 248, 280, 331]",0.6666666666666666,1.0,0.8,"[138, 245, 280, 302]",0.25,0.25,0.25,"[280, 331]",0.5,0.25,0.3333333333333333
P22320,"[62, 65, 458, 461]","[62, 65, 391, 458, 461]",0.8,1.0,0.888888888888889,"[307, 456, 458, 461, 488]",0.4,0.5,0.4444444444444445,[],0.0,0.0,0.0
A9A1T2,"[148, 190]","[102, 110, 145, 148, 152, 190, 406]",0.2857142857142857,1.0,0.4444444444444445,[190],1.0,0.5,0.6666666666666666,[],0.0,0.0,0.0
Q8T2I5,"[25, 114, 116]","[25, 116]",1.0,0.6666666666666666,0.8,"[25, 83, 114, 116, 212]",0.6,1.0,0.7499999999999999,"[25, 114, 116]",1.0,1.0,1.0
A1JHZ3,"[12, 104, 129, 156, 164, 213, 224, 245]",[129],1.0,0.125,0.2222222222222222,"[12, 73, 127, 129, 131, 173]",0.3333333333333333,0.25,0.28571428571428575,[129],1.0,0.125,0.2222222222222222
I6Y778,"[244, 354, 360, 364, 395]","[347, 360]",0.5,0.2,0.28571428571428575,"[319, 347, 360, 364]",0.5,0.4,0.4444444444444445,[360],1.0,0.2,0.33333333333333337
A2BJB7,"[50, 89, 99, 110]","[50, 99]",1.0,0.5,0.6666666666666666,[],0.0,0.0,0.0,[50],1.0,0.25,0.4
Q04458,"[236, 273]","[139, 236, 273]",0.6666666666666666,1.0,0.8,"[139, 236, 273, 438]",0.5,1.0,0.6666666666666666,"[236, 273]",1.0,1.0,1.0
Q58DB6,"[273, 275, 501]","[273, 275, 501]",1.0,1.0,1.0,"[275, 479]",0.5,0.3333333333333333,0.4,"[273, 275]",1.0,0.6666666666666666,0.8
Q51507,"[14, 31, 42, 90]","[14, 31, 42, 50, 54, 90]",0.6666666666666666,1.0,0.8,"[14, 42]",1.0,0.5,0.6666666666666666,[],0.0,0.0,0.0
I1S2J5,[450],[450],1.0,1.0,1.0,"[309, 313, 376, 450]",0.25,1.0,0.4,[],0.0,0.0,0.0
F9US27,"[165, 187, 233, 289]","[165, 188, 233, 289]",0.75,0.75,0.75,"[144, 165, 293]",0.3333333333333333,0.25,0.28571428571428575,[],0.0,0.0,0.0
Q8L7S3,"[536, 586, 704, 732]","[94, 100, 104, 258, 263, 369, 536, 565, 570, 586, 704, 732, 802]",0.3076923076923077,1.0,0.47058823529411764,"[100, 334, 732, 802]",0.25,0.25,0.25,"[732, 802]",0.5,0.25,0.3333333333333333
P30899,[83],"[83, 86, 147]",0.3333333333333333,1.0,0.5,"[83, 86, 147, 184, 254, 257]",0.16666666666666666,1.0,0.2857142857142857,"[83, 147]",0.5,1.0,0.6666666666666666
P21338,"[78, 152, 156]","[78, 156]",1.0,0.6666666666666666,0.8,"[78, 81, 152, 156]",0.75,1.0,0.8571428571428571,"[78, 152, 156]",1.0,1.0,1.0
P80874,"[52, 57, 84, 175, 214, 227, 286]","[52, 57, 175, 203]",0.75,0.42857142857142855,0.5454545454545454,"[21, 84, 125, 203, 208]",0.2,0.14285714285714285,0.16666666666666666,[57],1.0,0.14285714285714285,0.25
G5EFL0,"[139, 141]","[139, 141]",1.0,1.0,1.0,[229],0.0,0.0,0.0,[],0.0,0.0,0.0
P9WLH5,"[8, 49, 73, 123, 172, 246]","[8, 49, 73, 123, 172, 218, 222, 246, 313]",0.6666666666666666,1.0,0.8,"[8, 49, 73, 123, 172, 183, 222, 246, 313]",0.6666666666666666,1.0,0.8,"[8, 172, 246, 313]",0.75,0.5,0.6
B9WCV6,"[177, 189, 222, 223, 248, 319, 320]","[177, 189, 222, 223, 248, 296, 319, 320]",0.875,1.0,0.9333333333333333,"[104, 177, 189, 222, 223, 296, 320]",0.7142857142857143,0.7142857142857143,0.7142857142857143,[],0.0,0.0,0.0
H1AAP2,"[44, 97, 100]","[44, 97, 100]",1.0,1.0,1.0,"[44, 46, 48, 97, 100]",0.6,1.0,0.7499999999999999,[44],1.0,0.3333333333333333,0.5
Q09109,"[232, 252, 260, 280]","[232, 252, 260, 280, 482, 595, 693, 702]",0.5,1.0,0.6666666666666666,"[244, 280, 547]",0.3333333333333333,0.25,0.28571428571428575,[],0.0,0.0,0.0
O58832,"[59, 163, 287]","[59, 79, 163, 184, 287]",0.6,1.0,0.7499999999999999,"[59, 79, 163, 184, 287]",0.6,1.0,0.7499999999999999,[],0.0,0.0,0.0
Q12608,[461],[461],1.0,1.0,1.0,"[131, 236, 324, 328, 461]",0.2,1.0,0.33333333333333337,[],0.0,0.0,0.0
Q7M826,"[51, 56, 59, 71, 148, 151, 154, 158, 204, 207, 210, 214]","[51, 56, 59, 71, 148, 151, 154, 158, 163, 204, 207, 210, 214]",0.9230769230769231,1.0,0.9600000000000001,[244],0.0,0.0,0.0,[],0.0,0.0,0.0
O74426,"[59, 151]","[59, 151]",1.0,1.0,1.0,"[151, 153, 156, 194]",0.25,0.5,0.3333333333333333,[151],1.0,0.5,0.6666666666666666
Q5NAI7,"[38, 46, 476]","[38, 46, 241, 476]",0.75,1.0,0.8571428571428571,"[317, 484]",0.0,0.0,0.0,[],0.0,0.0,0.0
P80909,"[13, 16, 19, 23, 49, 52, 55, 59]","[13, 16, 19, 23, 49, 52, 55, 59]",1.0,1.0,1.0,"[14, 59]",0.5,0.125,0.2,[],0.0,0.0,0.0
P0C218,"[48, 53]",[],0.0,0.0,0.0,"[76, 362, 366]",0.0,0.0,0.0,[],0.0,0.0,0.0
Q9KL03,"[33, 41, 75, 84]","[122, 127, 134]",0.0,0.0,0.0,[84],1.0,0.25,0.4,[134],0.0,0.0,0.0
P85999,"[30, 31]",[30],1.0,0.5,0.6666666666666666,[30],1.0,0.5,0.6666666666666666,[],0.0,0.0,0.0
F4I107,"[187, 283, 349]","[57, 187, 283, 349]",0.75,1.0,0.8571428571428571,"[187, 188, 283, 349]",0.75,1.0,0.8571428571428571,"[187, 283]",1.0,0.6666666666666666,0.8
Q9Y899,"[47, 141]","[47, 141]",1.0,1.0,1.0,"[141, 143, 162, 183, 186]",0.2,0.5,0.28571428571428575,[141],1.0,0.5,0.6666666666666666
O35000,"[67, 136, 138, 143]",[138],1.0,0.25,0.4,"[67, 138]",1.0,0.5,0.6666666666666666,"[67, 136, 138, 143]",1.0,1.0,1.0
Q11010,"[130, 298, 299, 302, 321, 386]","[130, 298, 299, 302, 321]",1.0,0.8333333333333334,0.9090909090909091,"[187, 267, 268, 298, 299, 302, 321, 386]",0.625,0.8333333333333334,0.7142857142857143,[299],1.0,0.16666666666666666,0.2857142857142857
Q7Z5W3,"[46, 76, 110, 164]",[110],1.0,0.25,0.4,[110],1.0,0.25,0.4,[],0.0,0.0,0.0
Q9ZGH1,"[141, 145, 148]","[141, 145, 148]",1.0,1.0,1.0,"[141, 145, 148, 242]",0.75,1.0,0.8571428571428571,[],0.0,0.0,0.0
P42778,"[250, 316, 340, 345, 376, 378]","[250, 316, 340, 345, 376, 378]",1.0,1.0,1.0,"[142, 249, 250, 339, 376, 378]",0.5,0.5,0.5,[],0.0,0.0,0.0
Q58826,"[59, 63, 66]","[59, 63, 66, 209]",0.75,1.0,0.8571428571428571,"[59, 63, 66, 101, 310]",0.6,1.0,0.7499999999999999,[],0.0,0.0,0.0
Q10039,"[309, 360, 593]",[362],0.0,0.0,0.0,"[159, 223, 309, 339, 341, 352, 449, 450, 474, 478, 588, 593]",0.16666666666666666,0.6666666666666666,0.26666666666666666,[],0.0,0.0,0.0
B2V8P5,"[40, 69, 70, 185]","[41, 53, 69, 185]",0.5,0.5,0.5,"[69, 85, 87, 165, 191]",0.2,0.25,0.22222222222222224,[69],1.0,0.25,0.4
Q9NGP6,"[12, 121, 122, 148, 151, 266]","[121, 122, 151, 266]",1.0,0.6666666666666666,0.8,"[12, 78, 148, 149, 151, 326, 359]",0.42857142857142855,0.5,0.4615384615384615,[151],1.0,0.16666666666666666,0.2857142857142857
P85142,[48],[48],1.0,1.0,1.0,"[46, 48]",0.5,1.0,0.6666666666666666,[48],1.0,1.0,1.0
P0DOV3,"[67, 70, 71, 88, 91, 92, 140, 143, 144, 152, 155, 156, 186, 189, 190, 205, 208, 209]","[56, 59, 67, 70, 71, 88, 91, 92, 132, 135, 143, 144, 152, 155, 156, 183, 186, 189, 190, 205, 208, 209]",0.7727272727272727,0.9444444444444444,0.85,"[124, 135]",0.0,0.0,0.0,[],0.0,0.0,0.0
Q27895,[236],"[73, 188, 236, 282]",0.25,1.0,0.4,[],0.0,0.0,0.0,[],0.0,0.0,0.0
P76290,"[39, 132, 199]",[89],0.0,0.0,0.0,[],0.0,0.0,0.0,[],0.0,0.0,0.0
Q9SR40,"[81, 83, 126, 128, 468, 471, 473, 530, 531, 532, 536]","[81, 83, 126, 128, 468, 471, 473, 530, 531, 532, 536]",1.0,1.0,1.0,"[81, 83, 126, 128, 466, 468, 471, 473, 530, 531, 532, 533, 536]",0.8461538461538461,1.0,0.9166666666666666,[],0.0,0.0,0.0
Q9Z2D7,[534],"[94, 534]",0.5,1.0,0.6666666666666666,[],0.0,0.0,0.0,[534],1.0,1.0,1.0
Q6CH28,"[120, 323, 325]","[120, 323, 325]",1.0,1.0,1.0,"[120, 323]",1.0,0.6666666666666666,0.8,"[120, 323]",1.0,0.6666666666666666,0.8
P39153,"[40, 63, 67, 72, 123, 127, 147, 149, 157, 187, 201, 240]",[201],1.0,0.08333333333333333,0.15384615384615385,"[61, 127, 149, 187, 239]",0.6,0.25,0.35294117647058826,[],0.0,0.0,0.0
O16881,[188],"[175, 188]",0.5,1.0,0.6666666666666666,"[41, 148, 175, 188, 192]",0.2,1.0,0.33333333333333337,"[188, 192]",0.5,1.0,0.6666666666666666
Q9V6K3,"[475, 580]","[475, 580]",1.0,1.0,1.0,"[225, 338, 580, 584]",0.25,0.5,0.3333333333333333,[580],1.0,0.5,0.6666666666666666
Q8VHL1,"[245, 317, 335, 356]",[335],1.0,0.25,0.4,"[245, 293, 297, 305, 335]",0.4,0.5,0.4444444444444445,[],0.0,0.0,0.0
B8D1G6,[150],"[150, 182]",0.5,1.0,0.6666666666666666,"[12, 150, 179, 318]",0.25,1.0,0.4,[150],1.0,1.0,1.0
Q5YQZ6,"[91, 156, 195, 236, 427, 429]","[156, 236, 247, 427, 429, 505]",0.6666666666666666,0.6666666666666666,0.6666666666666666,"[91, 156, 247, 409, 455]",0.4,0.3333333333333333,0.3636363636363636,[236],1.0,0.16666666666666666,0.2857142857142857
P32138,"[288, 405, 408, 472, 537]","[405, 408, 455, 472, 504]",0.6,0.6,0.6,"[286, 333, 405, 408, 455, 472, 504]",0.42857142857142855,0.6,0.5,"[405, 408, 472]",1.0,0.6,0.7499999999999999
Q00983,[63],"[63, 66, 111, 201]",0.25,1.0,0.4,"[63, 66, 201]",0.3333333333333333,1.0,0.5,"[63, 150]",0.5,1.0,0.6666666666666666
Q55EC7,"[48, 140]","[48, 140]",1.0,1.0,1.0,"[140, 179]",0.5,0.5,0.5,[140],1.0,0.5,0.6666666666666666
O59179,"[97, 138]",[97],1.0,0.5,0.6666666666666666,"[97, 98, 120, 301]",0.25,0.5,0.3333333333333333,[97],1.0,0.5,0.6666666666666666
E9QCD3,[194],[194],1.0,1.0,1.0,"[166, 183, 186, 191, 192, 193, 200, 513]",0.0,0.0,0.0,[194],1.0,1.0,1.0
Q9YFM7,"[90, 92, 160, 190, 243, 272]","[63, 119, 127, 160]",0.25,0.16666666666666666,0.2,"[52, 53, 125, 127, 129]",0.0,0.0,0.0,[],0.0,0.0,0.0
Q4WR17,[497],[497],1.0,1.0,1.0,"[201, 364, 426, 497]",0.25,1.0,0.4,[],0.0,0.0,0.0
Q4WQI1,"[64, 419]","[64, 419, 621]",0.6666666666666666,1.0,0.8,"[419, 435]",0.5,0.5,0.5,"[64, 419]",1.0,1.0,1.0
Q86AT8,"[378, 472]","[378, 472]",1.0,1.0,1.0,[472],1.0,0.5,0.6666666666666666,[472],1.0,0.5,0.6666666666666666
P27574,[470],[470],1.0,1.0,1.0,"[373, 438, 470, 476, 477]",0.2,1.0,0.33333333333333337,[470],1.0,1.0,1.0
P45436,"[317, 360]","[317, 360]",1.0,1.0,1.0,"[317, 360]",1.0,1.0,1.0,"[317, 360]",1.0,1.0,1.0
Q6AHF2,"[70, 139, 205, 303]","[29, 205, 303]",0.6666666666666666,0.5,0.5714285714285715,"[101, 135, 205, 297, 300, 301, 303]",0.2857142857142857,0.5,0.36363636363636365,[],0.0,0.0,0.0
I6WU39,"[5, 31, 34, 37, 72, 75]","[5, 78]",0.5,0.16666666666666666,0.25,"[5, 12, 72, 78, 96]",0.4,0.3333333333333333,0.3636363636363636,[],0.0,0.0,0.0
O31857,"[11, 14, 125]","[11, 13, 14, 125]",0.75,1.0,0.8571428571428571,"[11, 13, 14, 45, 85, 116, 122, 125, 154]",0.3333333333333333,1.0,0.5,[],0.0,0.0,0.0
Q6GLK2,"[148, 172]",[],0.0,0.0,0.0,"[141, 148]",0.5,0.5,0.5,[148],1.0,0.5,0.6666666666666666
Q5ZX15,"[45, 66, 144, 205, 226, 231, 248, 251]","[67, 226, 248]",0.6666666666666666,0.25,0.36363636363636365,"[144, 231, 248]",1.0,0.375,0.5454545454545454,"[205, 248]",1.0,0.25,0.4
P39074,"[42, 94, 213, 216, 218, 273]","[42, 68, 94, 213, 216, 218, 271, 273]",0.75,1.0,0.8571428571428571,[],0.0,0.0,0.0,"[68, 273]",0.5,0.16666666666666666,0.25
Q9STK6,"[152, 169]",[150],0.0,0.0,0.0,"[150, 152, 155, 188]",0.25,0.5,0.3333333333333333,[150],0.0,0.0,0.0
Q74NA6,"[45, 48, 55, 57, 106, 129, 148, 157]","[45, 57]",1.0,0.25,0.4,[95],0.0,0.0,0.0,[],0.0,0.0,0.0
Q55CE0,"[428, 519]","[428, 519]",1.0,1.0,1.0,[519],1.0,0.5,0.6666666666666666,[519],1.0,0.5,0.6666666666666666
Q92383,"[150, 170]","[150, 170]",1.0,1.0,1.0,"[150, 170, 211]",0.6666666666666666,1.0,0.8,[170],1.0,0.5,0.6666666666666666
P13502,"[55, 58, 75, 78]","[55, 58, 75, 78]",1.0,1.0,1.0,"[55, 57, 58, 75, 77, 78, 92]",0.5714285714285714,1.0,0.7272727272727273,[],0.0,0.0,0.0
Q87P32,[359],[],0.0,0.0,0.0,"[348, 356]",0.0,0.0,0.0,[],0.0,0.0,0.0
Q9PF20,"[8, 9, 40, 92]","[8, 9]",1.0,0.5,0.6666666666666666,"[7, 8, 9, 92, 112, 164, 166]",0.42857142857142855,0.75,0.5454545454545454,[],0.0,0.0,0.0
Q08968,"[156, 220, 227, 338, 339, 348]","[156, 220, 227, 338, 339, 348, 368, 686]",0.75,1.0,0.8571428571428571,"[348, 686]",0.5,0.16666666666666666,0.25,[],0.0,0.0,0.0
Q8PYS1,"[51, 54, 83, 90, 94, 99, 100, 174, 175, 212]","[51, 54, 83, 90, 94, 99, 100, 174, 175, 212]",1.0,1.0,1.0,"[51, 54, 94, 99, 174, 215]",0.8333333333333334,0.5,0.625,[],0.0,0.0,0.0
Q9ZPY1,"[42, 66]",[],0.0,0.0,0.0,"[42, 126]",0.5,0.5,0.5,[],0.0,0.0,0.0
Q6AUC6,"[76, 79, 309, 316, 320, 350, 354, 403, 406]","[76, 79, 348]",0.6666666666666666,0.2222222222222222,0.3333333333333333,"[76, 79, 313, 348, 380]",0.4,0.2222222222222222,0.2857142857142857,[76],1.0,0.1111111111111111,0.19999999999999998
Q7LKZ6,[400],"[400, 504, 625]",0.3333333333333333,1.0,0.5,"[399, 400, 504, 625]",0.25,1.0,0.4,"[504, 625]",0.0,0.0,0.0
Q9N0F3,"[345, 352, 453]","[352, 405, 453]",0.6666666666666666,0.6666666666666666,0.6666666666666666,"[328, 330, 332, 344, 350, 405, 418, 421, 459]",0.0,0.0,0.0,[],0.0,0.0,0.0
P14529,[151],[151],1.0,1.0,1.0,"[46, 147, 149, 151, 218, 296]",0.16666666666666666,1.0,0.2857142857142857,[151],1.0,1.0,1.0
P06652,[480],[480],1.0,1.0,1.0,"[448, 483]",0.0,0.0,0.0,[480],1.0,1.0,1.0
Q01490,[147],"[145, 151]",0.0,0.0,0.0,"[81, 86, 89, 128, 139, 148, 152]",0.0,0.0,0.0,[],0.0,0.0,0.0
A0A0K0JFP3,"[185, 239, 263, 266, 297, 331, 483]","[116, 140, 239]",0.3333333333333333,0.14285714285714285,0.2,"[185, 200, 239, 297]",0.75,0.42857142857142855,0.5454545454545454,[239],1.0,0.14285714285714285,0.25
Q9ACU1,"[329, 334, 346, 377, 378, 380, 497, 515]","[75, 79, 82, 86, 87, 196, 199, 202, 203, 279, 329, 334, 372, 377, 380, 497, 515]",0.35294117647058826,0.75,0.48,"[75, 78, 145, 165, 329, 346, 440, 497]",0.375,0.375,0.375,"[329, 377]",1.0,0.25,0.4
P38694,"[248, 354, 389]","[354, 389]",1.0,0.6666666666666666,0.8,"[248, 354, 389, 605]",0.75,1.0,0.8571428571428571,"[354, 389]",1.0,0.6666666666666666,0.8
P86226,"[1, 5]",[],0.0,0.0,0.0,"[5, 47, 124]",0.3333333333333333,0.5,0.4,[],0.0,0.0,0.0
P69816,[10],[10],1.0,1.0,1.0,"[10, 15, 16]",0.3333333333333333,1.0,0.5,[],0.0,0.0,0.0
Q03942,[324],[324],1.0,1.0,1.0,[324],1.0,1.0,1.0,[],0.0,0.0,0.0
Q86AH1,"[460, 554, 594]","[440, 442, 460, 476, 554, 594]",0.5,1.0,0.6666666666666666,"[207, 411, 415, 460, 594, 629]",0.3333333333333333,0.6666666666666666,0.4444444444444444,[594],1.0,0.3333333333333333,0.5
Q0E2Y1,"[254, 255, 312, 340, 378, 394, 413, 417, 419]",[],0.0,0.0,0.0,"[309, 312, 340, 374, 375, 417]",0.5,0.3333333333333333,0.4,[394],1.0,0.1111111111111111,0.19999999999999998
Q97VT7,"[22, 24, 137, 170, 199, 256]","[22, 24, 137, 170, 199, 222, 256]",0.8571428571428571,1.0,0.923076923076923,"[22, 24, 137, 170, 199, 256]",1.0,1.0,1.0,[199],1.0,0.16666666666666666,0.2857142857142857
Q98RC3,"[50, 52, 65, 67, 83]","[52, 67]",1.0,0.4,0.5714285714285715,"[11, 67]",0.5,0.2,0.28571428571428575,[67],1.0,0.2,0.33333333333333337
Q8K009,"[128, 164, 694, 728]","[31, 128, 160, 164, 225, 254, 694, 728]",0.5,1.0,0.6666666666666666,"[128, 164, 595, 694, 728]",0.8,1.0,0.888888888888889,"[694, 728]",1.0,0.5,0.6666666666666666
Q338P6,"[163, 299]","[163, 177, 227, 299]",0.5,1.0,0.6666666666666666,[],0.0,0.0,0.0,[],0.0,0.0,0.0
P11928,"[64, 76, 78, 149, 211, 214, 231]","[64, 76, 78, 149, 214]",1.0,0.7142857142857143,0.8333333333333333,[232],0.0,0.0,0.0,[149],1.0,0.14285714285714285,0.25
P22751,"[538, 562, 563, 566, 595]","[131, 538, 562, 563, 566]",0.8,0.8,0.8000000000000002,"[94, 536, 568, 595, 647]",0.2,0.2,0.20000000000000004,[595],1.0,0.2,0.33333333333333337
Q8MYF1,"[157, 251]","[157, 251]",1.0,1.0,1.0,"[251, 253, 255, 256, 289, 447]",0.16666666666666666,0.5,0.25,[251],1.0,0.5,0.6666666666666666
Q9FE17,"[134, 142, 145, 167, 172, 253]","[134, 142, 145, 167, 172, 253]",1.0,1.0,1.0,"[62, 65, 115, 134]",0.25,0.16666666666666666,0.2,[134],1.0,0.16666666666666666,0.2857142857142857
O94266,[76],"[76, 366, 403, 456, 460, 486, 528]",0.14285714285714285,1.0,0.25,"[213, 216, 258, 366, 369, 399, 403, 456, 486, 528]",0.0,0.0,0.0,[528],0.0,0.0,0.0
O50078,"[187, 225, 458]","[119, 187]",0.5,0.3333333333333333,0.4,"[187, 189, 214, 225, 227, 385, 387, 389, 503]",0.2222222222222222,0.6666666666666666,0.3333333333333333,[225],1.0,0.3333333333333333,0.5
F1SYB2,[453],[453],1.0,1.0,1.0,"[315, 451]",0.0,0.0,0.0,[],0.0,0.0,0.0
Q9FMY3,"[51, 153]","[51, 153]",1.0,1.0,1.0,"[51, 153, 155, 158]",0.5,1.0,0.6666666666666666,[153],1.0,0.5,0.6666666666666666
P40084,"[73, 78, 112, 116]","[73, 78, 112, 116]",1.0,1.0,1.0,"[106, 126]",0.0,0.0,0.0,[],0.0,0.0,0.0
Q05688,"[306, 408]","[306, 408]",1.0,1.0,1.0,"[323, 406, 408, 412]",0.25,0.5,0.3333333333333333,[408],1.0,0.5,0.6666666666666666
O06995,"[7, 9, 23, 50, 76, 114, 145, 169, 170]","[7, 9, 145, 170]",1.0,0.4444444444444444,0.6153846153846153,"[114, 116, 145]",0.6666666666666666,0.2222222222222222,0.3333333333333333,"[7, 9]",1.0,0.2222222222222222,0.3636363636363636
Q4FM31,"[15, 22, 148, 201, 221, 223, 247, 255, 278, 346, 355]","[15, 22, 78, 148, 201, 221, 223, 247, 249, 255, 278, 346, 352, 355]",0.7857142857142857,1.0,0.88,"[22, 101, 201, 203, 221, 247, 249, 259]",0.5,0.36363636363636365,0.4210526315789474,[],0.0,0.0,0.0
Q8UJ09,"[104, 168, 200]","[104, 138, 168, 200]",0.75,1.0,0.8571428571428571,"[104, 168, 200, 233]",0.75,1.0,0.8571428571428571,"[104, 168, 200]",1.0,1.0,1.0
Q9LJK1,"[218, 219, 226, 243]",[218],1.0,0.25,0.4,"[280, 281]",0.0,0.0,0.0,[],0.0,0.0,0.0
Q940L4,"[385, 446, 560]","[385, 446, 560, 570]",0.75,1.0,0.8571428571428571,"[183, 385, 446, 560]",0.75,1.0,0.8571428571428571,"[385, 446, 560]",1.0,1.0,1.0
Q82P90,"[47, 162, 186, 223, 287, 321, 379, 475]","[47, 162, 223, 304]",0.75,0.375,0.5,"[47, 162, 223]",1.0,0.375,0.5454545454545454,"[47, 162, 223]",1.0,0.375,0.5454545454545454
Q8W490,"[136, 224]","[136, 224]",1.0,1.0,1.0,"[224, 226, 229, 261, 264]",0.2,0.5,0.28571428571428575,[224],1.0,0.5,0.6666666666666666
I6WZK7,"[120, 122, 161, 163, 437, 440, 442, 485, 486, 487, 491]","[120, 122, 161, 163, 437, 440, 442, 485, 486, 487, 491, 496]",0.9166666666666666,1.0,0.9565217391304348,"[120, 122, 161, 163, 215, 241, 437, 440, 442, 485, 486, 487, 491, 496]",0.7857142857142857,1.0,0.88,[491],1.0,0.09090909090909091,0.16666666666666669
D4AJR9,"[130, 135]","[130, 135]",1.0,1.0,1.0,"[130, 132]",0.5,0.5,0.5,[130],1.0,0.5,0.6666666666666666
A8FAP9,"[12, 14, 40, 189]","[14, 40, 163]",0.6666666666666666,0.5,0.5714285714285715,"[12, 14, 65, 159, 161, 210]",0.3333333333333333,0.5,0.4,[],0.0,0.0,0.0
P10955,[194],"[113, 194]",0.5,1.0,0.6666666666666666,"[100, 434]",0.0,0.0,0.0,[],0.0,0.0,0.0
L0DSL2,"[42, 45, 46, 58, 63, 66, 67, 72, 94, 97, 98, 147, 212, 215, 216, 255, 258, 259, 262, 324, 327, 328, 330, 331, 386, 388, 400, 407, 410, 411, 426, 439, 442, 443, 519]","[42, 45, 46, 58, 63, 66, 67, 72, 94, 97, 98, 212, 215, 255, 258, 259, 262, 324, 327, 328, 400, 407, 410, 411, 426, 439, 442, 443, 519]",1.0,0.8285714285714286,0.90625,"[110, 216, 389, 391, 519]",0.4,0.05714285714285714,0.09999999999999999,[],0.0,0.0,0.0
P50139,"[176, 187, 189, 192, 236, 248, 250, 271, 276]","[173, 189, 271]",0.6666666666666666,0.2222222222222222,0.3333333333333333,"[188, 248, 324]",0.3333333333333333,0.1111111111111111,0.16666666666666666,[248],1.0,0.1111111111111111,0.19999999999999998
P94544,"[193, 195, 240, 339, 341, 371, 410, 437, 465, 526, 528]","[195, 339, 341, 346, 371, 410, 437, 465, 526, 528]",0.9,0.8181818181818182,0.8571428571428572,"[242, 267, 341, 346, 371, 410, 412, 437, 465, 528]",0.6,0.5454545454545454,0.5714285714285713,[],0.0,0.0,0.0
Q7Y220,"[422, 483, 593]","[422, 483, 600]",0.6666666666666666,0.6666666666666666,0.6666666666666666,"[422, 483, 593]",1.0,1.0,1.0,"[422, 483, 593]",1.0,1.0,1.0
O87393,"[123, 125, 180, 187, 232, 236, 240, 291, 315, 320, 328, 330]","[123, 125, 175, 180, 187, 236, 303]",0.7142857142857143,0.4166666666666667,0.5263157894736842,"[125, 315, 328]",1.0,0.25,0.4,[],0.0,0.0,0.0
Q6B516,"[288, 315, 320, 461, 468, 474]","[288, 315, 320, 468, 474, 736]",0.8333333333333334,0.8333333333333334,0.8333333333333334,"[314, 468]",0.5,0.16666666666666666,0.25,[315],1.0,0.16666666666666666,0.2857142857142857
P44176,"[8, 10, 15, 40, 65, 76, 190, 247, 249]","[8, 10, 15, 40, 65, 76, 190, 217, 247, 249]",0.9,1.0,0.9473684210526316,"[8, 10, 40, 41, 76, 190, 247, 249]",0.875,0.7777777777777778,0.823529411764706,[190],1.0,0.1111111111111111,0.19999999999999998
P23857,"[67, 93]",[67],1.0,0.5,0.6666666666666666,"[67, 68]",0.5,0.5,0.5,[67],1.0,0.5,0.6666666666666666
Q9FFB6,"[27, 29, 40, 41, 47, 50, 51, 66, 78, 81, 91, 94, 103, 106, 119, 120, 123, 126, 136, 137, 140, 143, 152, 154]","[27, 29, 47, 50, 51, 66, 91, 94, 119, 143, 152, 163, 182, 190, 202, 205, 241, 244, 259, 262]",0.55,0.4583333333333333,0.5,"[66, 119, 152, 184, 187, 268]",0.5,0.125,0.2,[],0.0,0.0,0.0
Q01402,"[93, 141, 169, 175, 186, 196, 199]","[169, 175, 199]",1.0,0.42857142857142855,0.6,"[93, 196, 199, 210]",0.75,0.42857142857142855,0.5454545454545454,[199],1.0,0.14285714285714285,0.25
G3KIM8,"[144, 282, 293, 377, 378]","[282, 350]",0.5,0.2,0.28571428571428575,"[170, 377]",0.5,0.2,0.28571428571428575,[377],1.0,0.2,0.33333333333333337
P07003,"[50, 210, 292, 297, 382, 433, 460, 462, 465]","[50, 433, 460]",1.0,0.3333333333333333,0.5,"[380, 465]",0.5,0.1111111111111111,0.1818181818181818,[],0.0,0.0,0.0
P54746,"[14, 16, 126, 338]","[14, 16, 126, 182, 338]",0.8,1.0,0.888888888888889,"[16, 92, 126, 222, 338, 344, 345, 527]",0.375,0.75,0.5,[126],1.0,0.25,0.4
Q09693,"[355, 357, 419]","[357, 419]",1.0,0.6666666666666666,0.8,"[419, 506]",0.5,0.3333333333333333,0.4,[],0.0,0.0,0.0
Q8W566,"[133, 135, 234, 291, 296]","[133, 135, 176, 291, 296]",0.8,0.8,0.8000000000000002,"[142, 291]",0.5,0.2,0.28571428571428575,[291],1.0,0.2,0.33333333333333337
F4HWL4,"[564, 568, 571, 586, 626]",[564],1.0,0.2,0.33333333333333337,"[245, 248, 623, 626]",0.25,0.2,0.22222222222222224,[],0.0,0.0,0.0
P82902,[44],"[44, 48]",0.5,1.0,0.6666666666666666,[1],0.0,0.0,0.0,[],0.0,0.0,0.0
Q20443,"[60, 158]","[60, 158]",1.0,1.0,1.0,"[158, 160, 163]",0.3333333333333333,0.5,0.4,[158],1.0,0.5,0.6666666666666666
O74429,"[123, 197, 204, 223, 260, 274, 276, 321]",[],0.0,0.0,0.0,"[258, 260, 396]",0.3333333333333333,0.125,0.18181818181818182,[397],0.0,0.0,0.0
E1WKT5,"[75, 90, 110, 142, 176, 236, 278, 302]","[110, 183, 236, 274, 302]",0.6,0.375,0.4615384615384615,"[49, 50, 110, 147, 176, 274, 302]",0.42857142857142855,0.375,0.39999999999999997,[],0.0,0.0,0.0
Q9AL94,"[6, 9, 39, 42]","[6, 9, 39, 42]",1.0,1.0,1.0,"[11, 19, 42]",0.3333333333333333,0.25,0.28571428571428575,[],0.0,0.0,0.0
Q949R4,"[12, 50, 173, 229]","[12, 50, 117, 173, 229]",0.8,1.0,0.888888888888889,"[12, 50, 116, 117, 173, 229]",0.6666666666666666,1.0,0.8,[],0.0,0.0,0.0
Q22710,"[154, 155, 158, 164]","[154, 155, 158, 164]",1.0,1.0,1.0,"[154, 155, 158, 164, 168, 220, 275]",0.5714285714285714,1.0,0.7272727272727273,[155],1.0,0.25,0.4
P90518,"[350, 352, 364, 366, 369, 432, 433, 501, 544, 579, 586, 653]","[79, 152, 352, 364]",0.5,0.16666666666666666,0.25,"[152, 350, 368, 544, 684]",0.4,0.16666666666666666,0.23529411764705882,[],0.0,0.0,0.0
P44570,"[160, 209, 213]","[158, 160, 209, 213]",0.75,1.0,0.8571428571428571,"[94, 151, 160, 203, 209, 213]",0.5,1.0,0.6666666666666666,[209],1.0,0.3333333333333333,0.5
B2KES3,"[61, 131, 146, 164, 167]","[61, 131, 146, 164, 167]",1.0,1.0,1.0,[164],1.0,0.2,0.33333333333333337,[],0.0,0.0,0.0
C4JUE5,"[52, 72, 74, 123]","[52, 72, 74, 88, 123]",0.8,1.0,0.888888888888889,"[52, 74, 88, 125, 252]",0.4,0.5,0.4444444444444445,"[52, 88]",0.5,0.25,0.3333333333333333
Q8VZJ9,"[147, 247]","[147, 247]",1.0,1.0,1.0,"[147, 247, 252, 289]",0.5,1.0,0.6666666666666666,[247],1.0,0.5,0.6666666666666666
Q93Z01,"[197, 250, 274]","[32, 250]",0.5,0.3333333333333333,0.4,"[32, 247, 248, 250]",0.25,0.3333333333333333,0.28571428571428575,[250],1.0,0.3333333333333333,0.5
P36069,"[61, 170, 254]","[60, 61, 135, 254]",0.5,0.6666666666666666,0.5714285714285715,"[61, 170, 254]",1.0,1.0,1.0,"[61, 254]",1.0,0.6666666666666666,0.8
O01775,"[35, 137]","[35, 137]",1.0,1.0,1.0,"[137, 139]",0.5,0.5,0.5,[137],1.0,0.5,0.6666666666666666
P43154,"[477, 478, 481]","[477, 478, 481, 505, 549]",0.6,1.0,0.7499999999999999,"[478, 549]",0.5,0.3333333333333333,0.4,[478],1.0,0.3333333333333333,0.5
B3PIB0,"[160, 205, 255, 333, 335]","[125, 160, 205, 255, 335]",0.8,0.8,0.8000000000000002,"[160, 255, 332, 335]",0.75,0.6,0.6666666666666665,"[160, 333, 335]",1.0,0.6,0.7499999999999999
Q4V399,"[317, 322, 324, 330]","[317, 322, 324, 330]",1.0,1.0,1.0,[],0.0,0.0,0.0,[],0.0,0.0,0.0
Q95WU5,"[622, 706, 738]","[622, 706, 738]",1.0,1.0,1.0,"[622, 623, 706, 708]",0.5,0.6666666666666666,0.5714285714285715,"[706, 738]",1.0,0.6666666666666666,0.8
S0DPM1,[464],[464],1.0,1.0,1.0,"[320, 464]",0.5,1.0,0.6666666666666666,[],0.0,0.0,0.0
Q12305,[98],[98],1.0,1.0,1.0,"[98, 100, 103]",0.3333333333333333,1.0,0.5,[98],1.0,1.0,1.0
A9CKY2,"[111, 113, 116, 191, 213, 259]","[111, 113, 115, 116, 191, 213, 259]",0.8571428571428571,1.0,0.923076923076923,"[111, 113, 115, 191, 213, 259]",0.8333333333333334,0.8333333333333334,0.8333333333333334,"[115, 191, 259]",0.6666666666666666,0.3333333333333333,0.4444444444444444
P22857,"[54, 57, 180, 216, 219, 244, 254, 256, 285]","[54, 180, 216, 219, 244, 254, 256, 285]",1.0,0.8888888888888888,0.9411764705882353,"[54, 57, 88, 180, 182, 216, 219, 244, 254, 256, 285]",0.8181818181818182,1.0,0.9,"[54, 57]",1.0,0.2222222222222222,0.3636363636363636
P16692,"[21, 23, 26, 76, 78, 80, 81, 143, 164, 222, 225]","[21, 23, 26, 76, 78, 80, 81, 143, 164, 222, 225]",1.0,1.0,1.0,"[19, 21, 23, 26, 54, 76, 78, 80, 81, 143, 164, 200, 222, 225]",0.7857142857142857,1.0,0.88,[],0.0,0.0,0.0
Q9U1Y5,"[199, 301, 322]","[199, 301]",1.0,0.6666666666666666,0.8,"[301, 303, 342]",0.3333333333333333,0.3333333333333333,0.3333333333333333,[301],1.0,0.3333333333333333,0.5
K0KPV8,"[122, 146, 296]","[122, 146, 296]",1.0,1.0,1.0,"[56, 122, 146, 296]",0.75,1.0,0.8571428571428571,[],0.0,0.0,0.0
O31544,"[222, 242]","[222, 242]",1.0,1.0,1.0,"[222, 242, 283]",0.6666666666666666,1.0,0.8,"[222, 242]",1.0,1.0,1.0
P10475,"[65, 96, 131, 169, 231, 257, 291]","[169, 257]",1.0,0.2857142857142857,0.4444444444444445,"[92, 168, 169, 229, 231, 257, 371]",0.42857142857142855,0.42857142857142855,0.42857142857142855,"[169, 257]",1.0,0.2857142857142857,0.4444444444444445
Q39054,"[485, 486, 541, 573, 600, 607]",[242],0.0,0.0,0.0,"[122, 199, 666]",0.0,0.0,0.0,[],0.0,0.0,0.0
Q11001,"[357, 358, 361, 380, 444]","[182, 357, 358, 361, 380, 444]",0.8333333333333334,1.0,0.9090909090909091,"[324, 357, 358, 361, 380, 444]",0.8333333333333334,1.0,0.9090909090909091,[358],1.0,0.2,0.33333333333333337
B5BLW5,"[156, 251, 281]","[114, 156, 251, 281]",0.75,1.0,0.8571428571428571,"[156, 157, 251, 281]",0.75,1.0,0.8571428571428571,"[156, 251, 281]",1.0,1.0,1.0
P80563,[175],"[11, 14, 60, 175, 744]",0.2,1.0,0.33333333333333337,"[143, 145, 175]",0.3333333333333333,1.0,0.5,[],0.0,0.0,0.0
A2SU30,"[55, 110]","[55, 110]",1.0,1.0,1.0,"[53, 55, 110, 141, 146]",0.4,1.0,0.5714285714285715,[55],1.0,0.5,0.6666666666666666
Q2LGB3,"[239, 340, 358]","[239, 340]",1.0,0.6666666666666666,0.8,"[239, 340, 345]",0.6666666666666666,0.6666666666666666,0.6666666666666666,[340],1.0,0.3333333333333333,0.5
Q54R82,"[199, 297]","[199, 297, 878, 916, 918, 932]",0.3333333333333333,1.0,0.5,"[297, 299, 302, 608]",0.25,0.5,0.3333333333333333,[297],1.0,0.5,0.6666666666666666
Q9HLE4,"[62, 66, 78, 87, 102, 207, 209, 230]",[66],1.0,0.125,0.2222222222222222,[],0.0,0.0,0.0,[66],1.0,0.125,0.2222222222222222
Q04399,"[100, 102, 145, 147, 452, 455, 457, 530, 531, 532, 536]","[100, 102, 145, 147, 452, 455, 457, 530, 531, 532, 536]",1.0,1.0,1.0,"[100, 102, 145, 147, 452, 455, 457, 530, 531, 532, 536, 600]",0.9166666666666666,1.0,0.9565217391304348,[],0.0,0.0,0.0
A2SQW3,"[150, 219, 313, 346, 347]","[150, 219, 313, 346]",1.0,0.8,0.888888888888889,"[150, 313, 346, 347]",1.0,0.8,0.888888888888889,"[150, 313, 346]",1.0,0.6,0.7499999999999999
Q46EH3,"[164, 220, 269]",[],0.0,0.0,0.0,"[42, 44, 82, 84, 86, 123, 125, 162, 164, 220, 293]",0.18181818181818182,0.6666666666666666,0.28571428571428575,[],0.0,0.0,0.0
Q8W4N3,"[240, 907]","[240, 907]",1.0,1.0,1.0,"[235, 240, 907]",0.6666666666666666,1.0,0.8,"[240, 907]",1.0,1.0,1.0
P77324,"[108, 119, 129, 138, 157, 164, 213, 230]","[108, 112, 115, 119, 129, 138, 157, 164, 230]",0.7777777777777778,0.875,0.823529411764706,"[129, 138, 157]",1.0,0.375,0.5454545454545454,[],0.0,0.0,0.0
O69981,"[143, 188, 364, 366, 368]","[143, 188, 364, 366, 368, 377]",0.8333333333333334,1.0,0.9090909090909091,"[160, 189, 364, 368, 377, 666, 698, 944, 954, 960, 966]",0.18181818181818182,0.4,0.25000000000000006,[366],1.0,0.2,0.33333333333333337
P25037,"[110, 697]","[110, 697]",1.0,1.0,1.0,"[105, 110, 697]",0.6666666666666666,1.0,0.8,"[110, 697]",1.0,1.0,1.0
Q5A961,"[54, 166]","[54, 166]",1.0,1.0,1.0,"[166, 168]",0.5,0.5,0.5,[166],1.0,0.5,0.6666666666666666
P37391,"[63, 119, 152, 155, 298, 412]","[63, 119, 152, 155, 298, 412]",1.0,1.0,1.0,"[152, 322, 348, 351, 382, 408, 409, 412]",0.25,0.3333333333333333,0.28571428571428575,[412],1.0,0.16666666666666666,0.2857142857142857
Q8N966,[111],"[97, 111]",0.5,1.0,0.6666666666666666,"[130, 133]",0.0,0.0,0.0,[],0.0,0.0,0.0
A0A140C435,[244],[244],1.0,1.0,1.0,[244],1.0,1.0,1.0,[],0.0,0.0,0.0
O59272,"[156, 157, 191]","[7, 10, 111, 156, 157, 191, 240, 264]",0.375,1.0,0.5454545454545454,"[7, 156, 160, 164, 242]",0.2,0.3333333333333333,0.25,[],0.0,0.0,0.0
Q9AI65,"[149, 171, 172, 201]","[38, 111, 149, 171, 172, 201, 292]",0.5714285714285714,1.0,0.7272727272727273,"[149, 171, 172, 201, 267, 292, 371]",0.5714285714285714,1.0,0.7272727272727273,[172],1.0,0.25,0.4
O60109,"[68, 115, 166, 168, 306, 311, 315, 352, 353, 456]","[68, 115, 168, 306, 311, 315, 352, 353, 456]",1.0,0.9,0.9473684210526316,"[115, 353]",1.0,0.2,0.33333333333333337,[],0.0,0.0,0.0
Q84HH8,"[255, 294]","[255, 294, 476]",0.6666666666666666,1.0,0.8,"[157, 255, 294, 399]",0.5,1.0,0.6666666666666666,"[255, 294]",1.0,1.0,1.0
A2QWT2,[215],"[215, 216, 238]",0.3333333333333333,1.0,0.5,"[216, 271]",0.0,0.0,0.0,"[215, 238, 290]",0.3333333333333333,1.0,0.5
A0A0H2WWV6,"[17, 59, 249, 326, 331, 383]","[19, 58, 249, 326, 331, 383]",0.6666666666666666,0.6666666666666666,0.6666666666666666,"[249, 331, 403]",0.6666666666666666,0.3333333333333333,0.4444444444444444,[],0.0,0.0,0.0
Q5JE80,"[27, 36, 39]","[27, 36, 39, 180, 273]",0.6,1.0,0.7499999999999999,"[27, 36, 39, 82, 113]",0.6,1.0,0.7499999999999999,[],0.0,0.0,0.0
P15636,"[262, 318, 399]","[262, 318, 399]",1.0,1.0,1.0,"[262, 318, 397, 399]",0.75,1.0,0.8571428571428571,"[262, 318, 399]",1.0,1.0,1.0
Q54S02,"[46, 50, 56, 95, 99, 109, 124, 129, 165, 168]","[50, 56, 95, 124, 165, 168]",1.0,0.6,0.7499999999999999,"[50, 56, 95, 99, 109]",1.0,0.5,0.6666666666666666,[],0.0,0.0,0.0
P44679,[18],[18],1.0,1.0,1.0,[36],0.0,0.0,0.0,[18],1.0,1.0,1.0
Q8RWN7,"[307, 308, 763, 826]","[307, 308, 763, 826]",1.0,1.0,1.0,[],0.0,0.0,0.0,[],0.0,0.0,0.0
Q9HU15,[281],[281],1.0,1.0,1.0,"[281, 467, 472, 535]",0.25,1.0,0.4,"[281, 434, 472]",0.3333333333333333,1.0,0.5
Q95017,[93],[93],1.0,1.0,1.0,"[83, 85, 93, 95]",0.25,1.0,0.4,[93],1.0,1.0,1.0
O54259,"[18, 63, 67]",[],0.0,0.0,0.0,[],0.0,0.0,0.0,[],0.0,0.0,0.0
Q9UUF3,[189],[189],1.0,1.0,1.0,"[189, 191, 194, 195]",0.25,1.0,0.4,[],0.0,0.0,0.0
Q9NFP1,"[76, 171, 203]","[76, 171, 177, 203]",0.75,1.0,0.8571428571428571,"[76, 154, 171, 203]",0.75,1.0,0.8571428571428571,"[76, 203]",1.0,0.6666666666666666,0.8
A9AWD5,"[311, 313]","[311, 313]",1.0,1.0,1.0,"[32, 347, 393]",0.0,0.0,0.0,"[313, 491]",0.5,0.5,0.5
I3RB26,[41],[],0.0,0.0,0.0,"[24, 242]",0.0,0.0,0.0,[],0.0,0.0,0.0
Q2M405,[470],"[220, 260, 274, 391, 470]",0.2,1.0,0.33333333333333337,"[220, 276, 470]",0.3333333333333333,1.0,0.5,"[470, 489]",0.5,1.0,0.6666666666666666
Q6FJI9,[94],[],0.0,0.0,0.0,[27],0.0,0.0,0.0,[],0.0,0.0,0.0
P38278,"[180, 201]",[201],1.0,0.5,0.6666666666666666,[43],0.0,0.0,0.0,[],0.0,0.0,0.0
C4VBI7,"[140, 166, 321, 324]","[166, 303, 322]",0.3333333333333333,0.25,0.28571428571428575,"[140, 143, 268, 362, 379]",0.2,0.25,0.22222222222222224,[],0.0,0.0,0.0
Q9RWM1,"[21, 64, 93]","[21, 64, 93]",1.0,1.0,1.0,"[21, 175]",0.5,0.3333333333333333,0.4,[],0.0,0.0,0.0
P73881,"[159, 283, 293, 328, 342, 346]","[75, 125, 159, 293]",0.5,0.3333333333333333,0.4,"[161, 203, 209]",0.0,0.0,0.0,[159],1.0,0.16666666666666666,0.2857142857142857
P15704,"[70, 101, 137, 175, 237, 263, 297]","[175, 263]",1.0,0.2857142857142857,0.4444444444444445,"[4, 6, 97, 174, 175, 235, 237, 263]",0.375,0.42857142857142855,0.39999999999999997,"[175, 263]",1.0,0.2857142857142857,0.4444444444444445
P0AEY3,"[172, 175, 193, 196, 253]","[21, 39, 61, 172, 175, 230, 231]",0.2857142857142857,0.4,0.3333333333333333,"[21, 23, 58, 91, 95, 96, 98, 168, 172, 175, 193, 196, 257]",0.3076923076923077,0.8,0.4444444444444444,[],0.0,0.0,0.0
Q8XAC3,"[125, 191, 212, 223, 269]","[55, 125, 191, 212, 244, 269]",0.6666666666666666,0.8,0.7272727272727272,"[191, 212, 269]",1.0,0.6,0.7499999999999999,[269],1.0,0.2,0.33333333333333337
Q9HZ00,"[60, 62, 104, 106]","[43, 60, 62, 78, 104, 106]",0.6666666666666666,1.0,0.8,"[57, 60, 62, 78, 104, 106]",0.6666666666666666,1.0,0.8,[],0.0,0.0,0.0
Q8Z5I4,"[23, 104, 109, 128, 129, 234]","[23, 100, 109, 127, 129]",0.6,0.5,0.5454545454545454,"[13, 23, 127, 186, 234]",0.4,0.3333333333333333,0.3636363636363636,[],0.0,0.0,0.0
P9WI63,"[48, 142]","[48, 142]",1.0,1.0,1.0,"[48, 142, 144, 147, 181]",0.4,1.0,0.5714285714285715,[142],1.0,0.5,0.6666666666666666
D3JV05,"[70, 122, 148]","[36, 70, 122, 186]",0.5,0.6666666666666666,0.5714285714285715,"[36, 70, 98, 120, 148]",0.4,0.6666666666666666,0.5,[],0.0,0.0,0.0
Q01738,"[83, 181, 707]","[181, 319, 707, 740]",0.5,0.6666666666666666,0.5714285714285715,"[181, 627, 707, 750]",0.5,0.6666666666666666,0.5714285714285715,"[707, 750]",0.5,0.3333333333333333,0.4
Q04972,[261],"[35, 86, 121, 154, 261]",0.2,1.0,0.33333333333333337,"[120, 155, 208, 212, 215, 260, 261, 325]",0.125,1.0,0.2222222222222222,[208],0.0,0.0,0.0
P49594,"[202, 203, 370, 415]","[202, 203, 370, 415]",1.0,1.0,1.0,"[5, 204, 283, 369, 370, 415]",0.3333333333333333,0.5,0.4,[],0.0,0.0,0.0
O86042,"[41, 43, 72]","[41, 43, 72, 165]",0.75,1.0,0.8571428571428571,"[3, 17, 41, 43, 74, 76]",0.3333333333333333,0.6666666666666666,0.4444444444444444,[],0.0,0.0,0.0
O31619,"[7, 34, 55, 66, 81, 105, 166, 169, 181, 238, 241]","[7, 34, 55, 57, 66, 81, 105, 125, 166, 169, 181, 238, 241]",0.8461538461538461,1.0,0.9166666666666666,"[81, 125, 166, 169, 181, 261]",0.6666666666666666,0.36363636363636365,0.4705882352941177,[],0.0,0.0,0.0
J7FJH2,"[132, 139, 143, 148, 233, 234, 264, 271, 281]","[139, 143, 148, 233, 234, 267]",0.8333333333333334,0.5555555555555556,0.6666666666666667,"[99, 143, 148, 233, 234, 263, 267]",0.5714285714285714,0.4444444444444444,0.5,[],0.0,0.0,0.0
Q12706,"[120, 215]","[120, 215]",1.0,1.0,1.0,"[215, 217, 219, 252]",0.25,0.5,0.3333333333333333,[215],1.0,0.5,0.6666666666666666
O34788,"[37, 70, 152]","[37, 70, 71, 100, 103, 110, 152]",0.42857142857142855,1.0,0.6,"[37, 39, 42, 70]",0.5,0.6666666666666666,0.5714285714285715,[42],0.0,0.0,0.0
Q9XB59,"[101, 103, 104, 130, 251, 253, 263, 267]","[101, 103, 251]",1.0,0.375,0.5454545454545454,"[67, 101, 103, 191, 251, 267]",0.6666666666666666,0.5,0.5714285714285715,[],0.0,0.0,0.0
P45306,"[459, 470, 484]",[459],1.0,0.3333333333333333,0.5,"[63, 233, 404, 405, 459, 460, 484]",0.2857142857142857,0.6666666666666666,0.4,"[459, 484, 488]",0.6666666666666666,0.6666666666666666,0.6666666666666666
Q8KCU0,"[194, 198, 201]","[194, 198, 201]",1.0,1.0,1.0,"[194, 198, 201, 308]",0.75,1.0,0.8571428571428571,[],0.0,0.0,0.0
P44888,[453],[453],1.0,1.0,1.0,"[453, 526, 561]",0.3333333333333333,1.0,0.5,[453],1.0,1.0,1.0
