Protein_ID,Sequence_Length,DualEvo_Distances,DualEvo_Mean_Distance,SCREEN_Distances,SCREEN_Mean_Distance,Squidly_Distances,Squidly_Mean_Distance
I1RPI4,528,[],528.0,"[154, 60]",107.0,[0],0.0
P17989,349,"[0, 0, 81]",27.0,[0],0.0,"[0, 0]",0.0
P34100,714,"[0, 0]",0.0,"[9, 0, 2, 4, 5, 37]",9.5,[0],0.0
A0Q5Y4,318,"[0, 0, 0]",0.0,"[0, 3]",1.5,[],318.0
O60156,284,"[0, 0, 0]",0.0,"[0, 0, 0]",0.0,"[0, 0, 0]",0.0
Q0PKV7,525,"[0, 0]",0.0,"[0, 39]",19.5,[0],0.0
Q9P6N2,229,"[0, 0, 7, 44, 23, 0, 3, 4]",10.125,"[0, 0, 23, 1, 4]",5.6,"[0, 0]",0.0
P49332,221,"[0, 2, 0, 0]",0.5,"[0, 5, 13, 50, 97]",33.0,[],221.0
Q93ZC9,362,"[0, 45, 11, 0]",14.0,"[9, 0, 49]",19.333333333333332,[0],0.0
Q8KLM3,270,"[0, 8]",4.0,[55],55.0,[0],0.0
O14040,927,"[0, 0, 0]",0.0,"[2, 300, 308]",203.33333333333334,[],927.0
Q83F94,185,"[0, 0, 0]",0.0,[0],0.0,[],185.0
F1DBB3,398,"[0, 0]",0.0,[0],0.0,[0],0.0
Q8Q054,966,"[556, 0]",278.0,"[584, 3, 0]",195.66666666666666,[],966.0
P78581,588,"[0, 0, 0]",0.0,"[0, 0, 0, 1]",0.25,"[0, 0]",0.0
P74181,518,[],518.0,"[243, 84, 18, 40, 42]",85.4,[],518.0
Q8P3J4,798,"[0, 150]",75.0,"[373, 132, 119, 150, 151, 157]",180.33333333333334,[],798.0
Q08961,583,[0],0.0,[0],0.0,[],583.0
Q9KG32,265,"[0, 25]",12.5,"[27, 25, 102, 147, 157, 158, 161, 185]",120.25,[25],25.0
F4JYG0,760,"[0, 0, 0, 0]",0.0,[],760.0,[],760.0
D0E8I5,190,"[0, 0, 0, 0]",0.0,"[0, 0, 0, 0, 0, 0, 25, 0]",3.125,[],190.0
Q4WZB3,406,"[69, 0, 44, 0, 0]",22.6,"[70, 0, 1, 0, 0]",14.2,"[0, 0]",0.0
Q9FJT9,956,"[0, 0, 0]",0.0,"[0, 0, 578, 595]",293.25,"[0, 0]",0.0
Q70KF0,340,"[0, 0, 1, 0, 0, 0, 0, 0]",0.125,"[2, 0, 0]",0.6666666666666666,[],340.0
Q0PBX7,247,"[0, 0, 0, 0, 0, 0, 0]",0.0,"[2, 0, 0, 0, 28, 53, 83, 142, 144]",50.22222222222222,[],247.0
S0E627,393,"[0, 0, 0, 0, 0, 0, 0, 22, 0, 0, 0, 0, 0, 0, 0]",1.4666666666666666,"[0, 0, 0, 0, 0, 0, 1, 0, 0]",0.1111111111111111,[],393.0
O43980,309,"[0, 25]",12.5,"[1, 0, 25, 0, 99, 100]",37.5,"[0, 0, 99]",33.0
Q02742,428,[0],0.0,"[74, 66, 0]",46.666666666666664,[0],0.0
Q5QKR8,334,"[2, 0, 0, 0, 57]",11.8,"[0, 0, 0, 3, 0]",0.6,[0],0.0
P46116,281,"[0, 0]",0.0,"[72, 67, 63, 2, 0, 5, 0]",29.857142857142858,"[2, 0, 0]",0.6666666666666666
P54637,990,"[0, 6]",3.0,"[100, 37, 0, 6, 7]",30.0,[0],0.0
E7FHF1,114,"[0, 4, 0, 0, 36, 76]",19.333333333333332,"[0, 36, 76]",37.333333333333336,[76],76.0
P40376,512,"[0, 0]",0.0,"[0, 2, 5, 36]",10.75,[0],0.0
P32945,549,"[0, 0, 0, 0, 0, 0, 0]",0.0,"[0, 0, 0, 3, 4, 0, 0, 0, 35, 27, 0]",6.2727272727272725,"[0, 0]",0.0
P46489,453,"[50, 0, 0, 0, 0, 0, 0]",7.142857142857143,"[3, 0]",1.5,[0],0.0
Q9VWU1,394,"[0, 0, 0]",0.0,"[0, 0, 2, 0]",0.5,"[0, 0, 0]",0.0
B0WSX1,760,"[268, 224, 111, 0, 42, 312]",159.5,"[268, 192, 166, 0, 26, 100, 311]",151.85714285714286,[169],169.0
D4GU60,405,"[0, 27, 63, 0, 0, 16]",17.666666666666668,"[0, 63, 0, 0, 2, 16]",13.5,[],405.0
Q8SQZ6,579,"[90, 101, 108]",99.66666666666667,"[141, 77, 21, 19, 8, 72, 108, 111, 5, 0]",56.2,[],579.0
O53423,314,"[74, 0, 0, 0, 0, 0]",12.333333333333334,"[0, 0, 0, 0]",0.0,"[0, 0]",0.0
Q9RDE9,431,"[4, 3, 0, 0, 0, 2, 23, 0, 1, 24, 0]",5.181818181818182,"[0, 0, 0, 23, 0, 1, 24, 0, 2]",5.555555555555555,"[0, 0]",0.0
Q2G0P6,335,[42],42.0,"[4, 51, 82]",45.666666666666664,[],335.0
G0L322,539,"[0, 0, 149]",49.666666666666664,"[0, 2, 1, 0]",0.75,"[0, 0]",0.0
E9QBI7,478,"[0, 0, 0, 0, 4, 47]",8.5,"[0, 0, 0, 5, 0, 4, 47]",8.0,"[0, 47]",23.5
Q4QEY9,686,"[0, 38, 0]",12.666666666666666,[92],92.0,[],686.0
P0DTF7,300,"[0, 0, 0]",0.0,[0],0.0,[0],0.0
Q6S5G3,793,[],793.0,[445],445.0,[],793.0
O61125,461,"[0, 0]",0.0,"[2, 0, 2, 5]",2.25,[0],0.0
A8GG78,444,[0],0.0,"[0, 0]",0.0,"[0, 0]",0.0
O27089,353,"[0, 0, 0]",0.0,"[0, 2]",1.0,[],353.0
Q4JB16,235,[],235.0,"[90, 2]",46.0,[],235.0
Q9Y898,518,"[0, 0]",0.0,"[0, 0, 2, 39]",10.25,[0],0.0
P11439,638,[9],9.0,"[183, 21, 32, 25, 0]",52.2,[],638.0
P35484,336,"[9, 4, 0, 0, 1]",2.8,"[9, 4, 1, 0]",3.5,[],336.0
Q9VWP4,573,"[0, 0, 0]",0.0,"[0, 0, 45, 0, 34]",15.8,[],573.0
E7FHN9,334,"[137, 94, 0, 0, 0, 0, 3, 5, 27, 12, 0, 0, 0, 0]",19.857142857142858,"[137, 15, 11]",54.333333333333336,[],334.0
Q06702,301,"[0, 0, 0, 0, 0, 0]",0.0,"[0, 0, 0, 3, 24, 27, 0]",7.714285714285714,"[0, 0]",0.0
Q4P804,406,"[64, 0, 0, 3, 0]",13.4,"[64, 0, 0, 0]",16.0,[],406.0
Q09363,356,"[0, 29]",14.5,[0],0.0,[],356.0
O87876,438,"[290, 0, 0, 55, 83]",85.6,"[46, 0, 0]",15.333333333333334,[],438.0
O16129,453,"[0, 0]",0.0,"[95, 8, 11, 0, 143]",51.4,[],453.0
Q54EM5,566,[0],0.0,"[213, 0]",106.5,[],566.0
Q04195,904,"[0, 0, 0, 0]",0.0,[0],0.0,[],904.0
Q12043,749,"[0, 0, 51]",17.0,[0],0.0,[],749.0
B2A6B7,452,[0],0.0,"[149, 113, 91, 93]",111.5,[],452.0
P32747,443,"[4, 1, 0, 0, 0, 24, 0]",4.142857142857143,"[88, 25, 29, 0, 2, 0, 23]",23.857142857142858,[0],0.0
Q03533,586,"[0, 0]",0.0,"[0, 2, 4, 61]",16.75,[0],0.0
P46843,458,"[1, 28, 34, 21, 18, 0, 87, 90]",34.875,"[5, 21, 18, 87, 90]",44.2,"[87, 90]",88.5
Q8EN08,262,[0],0.0,[0],0.0,[0],0.0
O81755,404,"[0, 0, 0, 0, 31, 34, 42]",15.285714285714286,"[0, 0, 0, 59]",14.75,[0],0.0
Q59QL0,514,[0],0.0,[77],77.0,[0],0.0
P86074,35,[],35.0,[],35.0,[],35.0
Q23498,618,"[0, 0, 0, 4, 0, 1, 0, 0, 0]",0.5555555555555556,"[0, 0, 0, 1, 0, 0, 0]",0.14285714285714285,[1],1.0
K2RU68,203,[0],0.0,"[38, 37, 36, 0, 4]",23.0,[],203.0
Q9WYP4,311,"[0, 0, 0, 0, 1, 5, 0]",0.8571428571428571,"[0, 1, 5, 54]",15.0,[],311.0
Q9VM90,456,"[0, 0]",0.0,"[0, 2, 4, 41]",11.75,[0],0.0
P11018,319,"[0, 0, 0]",0.0,"[0, 1, 0, 67, 0]",13.6,"[0, 0, 0]",0.0
Q9YFY8,409,"[0, 0, 0, 0, 0, 0, 0, 0]",0.0,"[0, 0, 0, 1, 0, 0]",0.16666666666666666,"[0, 0]",0.0
Q72E85,255,"[0, 0, 0, 0, 0, 0, 0, 0, 0, 0, 0, 0, 0, 0, 0]",0.0,[0],0.0,[],255.0
Q6DNF3,708,"[0, 0]",0.0,"[99, 0]",49.5,[],708.0
I6Y2J4,437,"[0, 0]",0.0,"[0, 0, 0]",0.0,"[0, 0, 0]",0.0
M2ZIX7,309,"[13, 0, 4]",5.666666666666667,"[13, 12, 0, 4]",7.25,[0],0.0
P32823,820,"[2, 0, 255, 306]",140.75,"[4, 2, 0, 76, 146]",45.6,[0],0.0
Q621J7,709,"[0, 0]",0.0,[0],0.0,[0],0.0
P22806,389,"[0, 0, 25, 28, 9]",12.4,"[26, 4, 0, 25, 28, 59, 3]",20.714285714285715,[59],59.0
B2UP57,493,"[0, 0, 0, 0, 0, 0]",0.0,"[0, 0, 0, 0, 17, 30]",7.833333333333333,"[0, 0, 0]",0.0
Q7VQW8,357,"[0, 0, 39, 0, 0, 0, 0, 1, 2, 0, 48, 74, 100, 101, 104, 126, 147, 171, 194, 195, 198]",71.42857142857143,"[0, 0, 2, 0, 4, 100, 101, 105, 195, 198]",70.5,"[0, 0]",0.0
Q21376,709,"[0, 0, 0, 91, 0]",18.2,"[0, 0, 4, 55, 91, 0, 13]",23.285714285714285,[0],0.0
O07566,441,"[26, 3, 0, 0]",7.25,"[0, 3, 0, 0, 2, 5]",1.6666666666666667,[],441.0
Q54VC0,418,"[0, 0]",0.0,[0],0.0,[0],0.0
Q5BD29,555,"[0, 0]",0.0,"[0, 58]",29.0,"[0, 0]",0.0
Q9X1G3,565,[31],31.0,"[217, 118, 62, 24, 0, 4, 0, 31]",57.0,[],565.0
Q6DRD3,336,"[0, 0]",0.0,[],336.0,[],336.0
P76190,271,"[0, 0]",0.0,"[0, 1, 0]",0.3333333333333333,"[0, 0]",0.0
A1A6H3,379,"[130, 0, 0, 0, 0]",26.0,"[0, 22, 1, 2, 1, 0]",4.333333333333333,[0],0.0
B0TFA7,385,"[0, 0]",0.0,"[20, 3, 16, 28]",16.75,[0],0.0
Q9ZHY3,362,[0],0.0,"[0, 0]",0.0,[],362.0
A0A3G5BB24,163,[],163.0,"[14, 0]",7.0,[],163.0
Q0V9R3,834,"[0, 0]",0.0,"[2, 102, 218, 312, 316]",190.0,[],834.0
P39671,542,"[0, 0, 0, 0, 13, 12]",4.166666666666667,"[0, 2, 0, 1, 0, 28, 0, 0, 1, 3, 1]",3.272727272727273,[0],0.0
Q9X0L3,217,"[0, 0, 0, 21, 0]",4.2,"[3, 0]",1.5,[0],0.0
P36163,345,"[31, 0, 0, 0, 49]",16.0,"[0, 0, 0, 5, 0, 4, 49]",8.285714285714286,"[0, 49]",24.5
Q60314,378,"[0, 0, 0, 0]",0.0,"[0, 0, 0, 0]",0.0,[],378.0
Q4U3Y2,549,"[32, 135, 195]",120.66666666666667,[81],81.0,[],549.0
A3CTK0,187,"[84, 17]",50.5,"[4, 0, 0]",1.3333333333333333,[0],0.0
Q5QHG6,495,"[0, 0, 0, 0, 0, 42, 0, 0]",5.25,"[0, 2, 0, 0, 0, 0, 44, 42, 0, 0, 4]",8.363636363636363,[0],0.0
Q54IP4,653,"[186, 0, 0]",62.0,"[2, 0, 39]",13.666666666666666,[0],0.0
Q57688,417,[0],0.0,"[21, 269]",145.0,[],417.0
Q9R5V5,157,"[26, 0]",13.0,"[91, 26, 6, 0]",30.75,[],157.0
Q04049,632,"[0, 0]",0.0,"[117, 124]",120.5,[],632.0
Q9I4U2,847,"[0, 22, 72]",31.333333333333332,"[1, 20]",10.5,[0],0.0
Q9S713,562,"[0, 0]",0.0,"[0, 0, 2, 40]",10.5,[0],0.0
Q2UPC5,306,[0],0.0,"[206, 117, 112, 0, 9]",88.8,[],306.0
Q22036,648,"[0, 0]",0.0,"[6, 0, 0, 0, 2]",1.6,"[0, 0, 0]",0.0
O80831,691,[0],0.0,"[0, 3]",1.5,[0],0.0
Q8PU60,177,"[0, 0, 0, 0, 0, 0, 0, 0]",0.0,[0],0.0,[],177.0
P72173,398,"[0, 31, 0, 0, 31, 71, 0]",19.0,"[0, 28, 30, 63, 71]",38.4,[],398.0
Q93Z04,501,"[0, 0, 0, 0]",0.0,"[2, 0]",1.0,[],501.0
Q75SP7,274,"[0, 0, 0]",0.0,"[16, 0, 7, 0, 24, 26]",12.166666666666666,"[0, 0, 0]",0.0
Q9XG80,138,[3],3.0,"[0, 0, 0, 0, 14]",2.8,[0],0.0
B5GRC8,343,"[0, 1, 0, 0, 0, 0, 0]",0.14285714285714285,"[3, 0, 1, 4, 5, 0, 74, 79, 81]",27.444444444444443,[],343.0
Q9AAA6,168,"[0, 0]",0.0,"[87, 1, 0]",29.333333333333332,[],168.0
P71011,448,"[0, 0, 0, 64, 46, 5, 0, 0, 0, 16]",13.1,"[0, 0, 0, 64, 46]",22.0,[],448.0
Q17426,577,[0],0.0,[86],86.0,[0],0.0
F0X8C8,408,"[0, 0, 1, 0]",0.25,"[0, 2, 0, 1, 0, 0, 0, 4]",0.875,[1],1.0
P27035,459,"[0, 0]",0.0,"[77, 1, 0, 27, 25, 0, 40]",24.285714285714285,"[0, 0]",0.0
P40601,645,"[0, 86, 0]",28.666666666666668,"[0, 9, 90, 0, 0, 44]",23.833333333333332,"[0, 0]",0.0
I1BYM7,385,"[0, 0]",0.0,"[21, 18, 1, 0, 36]",15.2,"[0, 0]",0.0
P21637,459,"[311, 0, 0, 0, 0]",62.2,"[190, 1, 0, 0]",47.75,[],459.0
P32586,711,[0],0.0,"[95, 29, 1, 0, 6, 7]",23.0,[0],0.0
Q8MYY6,558,"[0, 0, 0, 0, 0, 0, 0, 0, 2]",0.2222222222222222,"[3, 0, 0]",1.0,[],558.0
Q86TM3,631,[65],65.0,"[176, 81, 17, 23, 4, 97, 242, 246]",110.75,[],631.0
Q92111,524,[0],0.0,"[135, 131, 127, 0]",98.25,[],524.0
Q8TZH9,254,"[0, 1, 0, 0, 0, 0]",0.16666666666666666,"[21, 0, 2]",7.666666666666667,[],254.0
Q55A00,406,"[0, 0]",0.0,"[2, 0, 0, 0]",0.5,[0],0.0
Q8H215,68,[0],0.0,"[3, 0]",1.5,[],68.0
Q02863,499,"[0, 0]",0.0,"[0, 0]",0.0,"[0, 0]",0.0
O45797,908,"[0, 0]",0.0,"[88, 0, 2, 5, 79, 242]",69.33333333333333,[0],0.0
Q9VUY0,698,"[0, 0, 0, 0, 0]",0.0,"[0, 0, 0, 0, 0, 0]",0.0,[],698.0
P23382,687,"[70, 0, 0, 0, 6, 153, 212]",63.0,"[0, 8, 153]",53.666666666666664,[0],0.0
B2AM55,430,[0],0.0,"[271, 165, 133, 0]",142.25,[0],0.0
P74297,574,"[0, 0]",0.0,"[56, 0, 0, 2, 281]",67.8,[0],0.0
B6H6L7,399,"[0, 0, 0]",0.0,"[0, 0, 43, 0, 5, 174]",37.0,"[0, 0, 0]",0.0
F1SY74,613,[0],0.0,"[144, 0]",72.0,[],613.0
Q0WSX8,255,[],255.0,"[65, 0]",32.5,[0],0.0
Q86JJ0,312,"[22, 0, 22, 0, 116]",32.0,[],312.0,[],312.0
Q67SW0,517,"[0, 0, 0, 0, 16, 15, 0, 0, 0]",3.4444444444444446,"[0, 30, 31, 66, 68, 0, 0, 0]",24.375,[0],0.0
Q4FS72,431,"[0, 0, 0, 0, 0]",0.0,"[3, 0, 7]",3.3333333333333335,[0],0.0
P43337,192,"[0, 0]",0.0,[],192.0,[],192.0
Q9XTD6,384,"[0, 0, 0, 0]",0.0,"[0, 0, 0, 0, 48]",9.6,[0],0.0
Q9VQN8,523,[219],219.0,"[43, 96]",69.5,[],523.0
O06335,552,"[0, 0, 27]",9.0,"[0, 61, 25]",28.666666666666668,[],552.0
P9WNE5,181,"[0, 0, 0, 0, 0]",0.0,"[0, 0, 0, 0, 0]",0.0,[],181.0
O32183,127,[0],0.0,"[38, 55, 75]",56.0,[0],0.0
P75430,164,[0],0.0,[9],9.0,[],164.0
Q84BQ9,254,"[0, 0]",0.0,"[0, 0]",0.0,[],254.0
Q9L9E9,288,"[0, 1, 0, 0, 22, 53]",12.666666666666666,"[0, 0, 0, 19]",4.75,[],288.0
Q9LUS8,493,"[0, 0, 0, 0]",0.0,"[0, 113, 54, 0]",41.75,[],493.0
Q04751,285,"[0, 2, 0, 0, 0, 0, 17]",2.7142857142857144,"[20, 0, 1]",7.0,[7],7.0
Q8ZZP3,131,"[0, 1, 0, 0]",0.25,"[0, 36, 0]",12.0,[],131.0
Q6B9Y8,889,"[0, 0, 0, 0, 0, 0, 0]",0.0,[0],0.0,[],889.0
Q5VZV1,264,"[0, 0]",0.0,"[21, 33]",27.0,[],264.0
P53720,384,"[0, 0, 0, 0]",0.0,"[77, 0, 0, 0]",19.25,[],384.0
B6PLN3,105,"[0, 24]",12.0,"[24, 0]",12.0,[],105.0
P91828,360,"[0, 0, 0, 0]",0.0,"[0, 0, 0, 0, 49]",9.8,[0],0.0
Q24488,685,"[0, 0]",0.0,"[0, 4, 19]",7.666666666666667,[0],0.0
F4JNL3,356,"[0, 0, 0]",0.0,"[6, 3, 0, 0, 0]",1.8,"[0, 0, 0]",0.0
P41734,238,"[0, 0, 0]",0.0,"[0, 0, 1, 0, 0]",0.2,"[0, 0, 0]",0.0
P30043,206,[4],4.0,[46],46.0,[],206.0
B1L6M8,590,"[0, 0]",0.0,"[0, 30, 29, 28, 0, 0]",14.5,[0],0.0
Q936X2,605,"[0, 0, 0]",0.0,"[0, 0, 1, 3, 2, 0, 230]",33.714285714285715,"[0, 0, 0]",0.0
P96630,169,"[0, 0, 0, 24]",6.0,"[3, 0, 24]",9.0,[0],0.0
Q99558,947,"[0, 0]",0.0,"[0, 2]",1.0,[0],0.0
A6R104,205,"[16, 0]",8.0,"[36, 16, 36]",29.333333333333332,[],205.0
Q7M0R2,274,"[0, 0]",0.0,[1],1.0,[],274.0
C1F1C7,325,"[160, 0, 0]",53.333333333333336,"[148, 0, 2, 0]",37.5,[],325.0
O28242,313,[0],0.0,"[0, 0]",0.0,"[0, 0]",0.0
O42773,639,"[0, 0, 0, 0, 0, 0, 0, 119]",14.875,"[0, 0, 0, 3, 4, 0, 0, 0, 27, 0]",3.4,[0],0.0
O94702,822,"[0, 0, 0, 0, 0, 24, 10, 0, 0]",3.7777777777777777,"[0, 2, 0, 0, 0, 24, 0, 4]",3.75,[],822.0
Q3S8P9,359,"[0, 25, 0, 0, 0, 0]",4.166666666666667,"[25, 0, 3, 8]",9.0,[],359.0
Q28CZ9,523,"[0, 0, 178, 241, 290, 359, 391]",208.42857142857142,"[0, 383]",191.5,[],523.0
B7XHR6,595,"[0, 0]",0.0,"[88, 0, 2, 5, 37]",26.4,[0],0.0
Q9C533,596,"[0, 15]",7.5,"[152, 319]",235.5,[0],0.0
Q12303,508,"[0, 0]",0.0,"[0, 3, 48, 76, 0, 4]",21.833333333333332,"[0, 0]",0.0
P21514,362,"[0, 0, 0, 1, 3, 22, 2]",4.0,"[76, 3]",39.5,[22],22.0
A1B8Z0,320,"[0, 0, 1, 0, 4]",1.0,[4],4.0,[0],0.0
P37349,472,"[0, 0, 0]",0.0,"[0, 61, 0, 0]",15.25,"[0, 0]",0.0
Q8T0S6,669,"[0, 0]",0.0,"[0, 2, 5]",2.3333333333333335,[0],0.0
Q9I5W4,923,"[0, 0, 0, 16]",4.0,"[0, 16]",8.0,[0],0.0
Q9XSL6,776,"[0, 0, 0, 0, 0]",0.0,"[0, 0, 0, 0]",0.0,[0],0.0
P54511,278,"[65, 0, 0]",21.666666666666668,"[0, 0]",0.0,[],278.0
P77791,183,[0],0.0,"[14, 13, 0, 12]",9.75,[],183.0
Q9LIG0,330,"[0, 0, 0]",0.0,"[0, 55, 57, 0]",28.0,[],330.0
A0A1U8QFC3,553,[0],0.0,"[135, 0]",67.5,[],553.0
Q0V147,789,"[17, 0, 0, 39, 32, 0, 0]",12.571428571428571,"[17, 0, 0, 43, 39, 32, 0, 2, 0]",14.777777777777779,[],789.0
Q55CS8,695,[0],0.0,"[30, 0, 6, 7]",10.75,[0],0.0
P23298,683,"[0, 0]",0.0,"[0, 2, 5, 38]",11.25,[0],0.0
Q96329,436,"[11, 0]",5.5,"[57, 9, 16, 1, 8]",18.2,[1],1.0
O93939,498,"[0, 41, 0]",13.666666666666666,"[168, 101, 1, 39, 0]",61.8,[],498.0
Q23544,508,"[0, 0, 4, 0]",1.0,"[4, 0, 8, 11]",5.75,[0],0.0
P55356,474,"[0, 1, 0, 0, 0]",0.2,"[49, 0, 1, 10, 0, 0, 77, 192]",41.125,[0],0.0
Q9FK51,351,"[0, 0, 0, 0, 0]",0.0,"[0, 0, 0, 0, 4, 3, 0, 0, 0]",0.7777777777777778,[],351.0
Q54528,298,"[70, 0, 29, 0, 0]",19.8,"[70, 41, 0, 1, 29, 0, 0]",20.142857142857142,"[0, 0, 0]",0.0
E7EZI4,430,[0],0.0,[],430.0,[0],0.0
Q8VIV2,233,[0],0.0,"[0, 111]",55.5,[0],0.0
O14156,383,"[0, 1, 0, 0]",0.25,"[0, 2, 33, 1, 0, 0]",6.0,[],383.0
P22216,821,"[0, 0]",0.0,"[0, 2, 39, 42]",20.75,[0],0.0
P04635,641,"[0, 0, 0]",0.0,"[0, 1, 0, 0, 1]",0.4,"[0, 0, 0]",0.0
P39840,325,"[103, 76, 0, 0, 0]",35.8,"[76, 0, 0]",25.333333333333332,"[0, 0]",0.0
Q54970,591,"[388, 0, 0]",129.33333333333334,"[326, 325, 183, 53, 4, 7]",149.66666666666666,[],591.0
Q9HKT1,262,[0],0.0,[0],0.0,[],262.0
P15109,197,[],197.0,[8],8.0,[],197.0
Q5A3P6,947,"[0, 0]",0.0,"[0, 2, 0, 1, 29]",6.4,[0],0.0
Q9XB60,250,"[0, 98, 117]",71.66666666666667,"[69, 0, 7, 98]",43.5,[0],0.0
Q5FR18,303,"[0, 0, 0, 0, 0]",0.0,"[2, 3, 4, 27, 3, 0]",6.5,[0],0.0
C7EXL6,666,"[0, 54, 130]",61.333333333333336,"[103, 54, 53, 5, 0, 54, 134]",57.57142857142857,[0],0.0
A0A2P1BT06,707,"[129, 128, 0, 97, 267, 433]",175.66666666666666,"[267, 276, 418]",320.3333333333333,[],707.0
Q54ME1,448,"[0, 0, 0]",0.0,"[225, 134, 6, 0, 0]",73.0,"[0, 0, 0]",0.0
P51599,313,"[0, 1, 0, 4, 0]",1.0,"[0, 1, 0, 30, 2, 0]",5.5,[],313.0
C4LK80,720,"[0, 25, 28, 87]",35.0,"[26, 0, 4, 0, 25, 28, 79]",23.142857142857142,[79],79.0
Q54QG0,769,"[55, 57]",56.0,"[58, 27, 0, 25]",27.5,[0],0.0
A2PU44,601,[396],396.0,[0],0.0,[0],0.0
P53219,342,"[0, 24, 0]",8.0,"[69, 0, 0]",23.0,"[0, 0]",0.0
Q9ZQ31,411,"[0, 0]",0.0,"[0, 22, 0, 2]",6.0,[0],0.0
Q9C5S1,784,[],784.0,[0],0.0,[0],0.0
Q17577,540,"[0, 0, 0]",0.0,"[230, 228, 175, 141, 6, 0]",130.0,[],540.0
P30269,976,"[0, 0, 0, 0, 0]",0.0,"[1, 2, 0, 0, 1, 0]",0.6666666666666666,[0],0.0
S0DS17,369,[0],0.0,"[142, 112, 0]",84.66666666666667,[],369.0
Q5WB95,207,[0],0.0,"[89, 137, 139]",121.66666666666667,[],207.0
Q4PHZ2,517,"[0, 60, 108]",56.0,"[1, 0, 1, 108]",27.5,"[0, 60, 108]",56.0
Q6LX63,566,"[0, 0, 1, 0, 31, 0, 0, 0, 0, 0]",3.2,[0],0.0,[0],0.0
Q9ZJ81,284,"[0, 17, 0, 0]",4.25,"[2, 2]",2.0,[0],0.0
Q8L493,373,[],373.0,"[0, 0]",0.0,[],373.0
P95481,361,"[0, 0]",0.0,"[176, 52, 3, 0]",57.75,[],361.0
P23872,319,"[0, 0, 0]",0.0,"[0, 30, 0, 0, 4]",6.8,"[0, 0, 0]",0.0
Q4PSE8,447,"[0, 0, 0, 0]",0.0,"[0, 1, 74, 1, 0, 0]",12.666666666666666,[],447.0
Q54PK9,908,"[0, 0]",0.0,"[0, 2, 0, 1, 24, 413]",73.33333333333333,[0],0.0
Q8THG6,411,[0],0.0,"[9, 0, 0, 23, 66]",19.6,[],411.0
Q6AIT8,226,"[0, 0, 0, 0, 0, 0, 0]",0.0,"[4, 0, 0, 0]",1.0,"[0, 0]",0.0
P21182,396,[],396.0,"[0, 0, 0]",0.0,[],396.0
O77081,380,[0],0.0,"[21, 0, 0, 0]",5.25,"[21, 0, 0]",7.0
Q4WD45,574,"[159, 123, 78, 2, 0, 0, 2]",52.0,"[78, 76, 58, 55, 2, 0, 2, 0, 2]",30.333333333333332,[],574.0
P0A7A5,208,"[0, 45]",22.5,"[27, 0]",13.5,[],208.0
A5FZN7,223,"[0, 0, 0, 0, 0]",0.0,"[5, 4, 1, 0, 0, 0, 0, 0, 65]",8.333333333333334,[],223.0
P12546,264,"[0, 0, 0]",0.0,"[39, 0, 0, 2, 0, 18, 31]",12.857142857142858,"[0, 0, 0]",0.0
A8BQJ3,754,"[4, 0, 4, 0]",2.0,"[52, 0, 4, 4, 0, 0, 31, 0, 4, 4, 0]",9.0,"[4, 0, 4, 0]",2.0
Q8NE63,616,"[0, 0]",0.0,"[2, 0, 2]",1.3333333333333333,[0],0.0
P33180,494,"[0, 4, 0, 0, 0, 0]",0.6666666666666666,"[6, 1, 0, 0, 1, 4, 64]",10.857142857142858,[],494.0
Q9FM79,380,"[0, 0, 0, 0, 0, 0, 0]",0.0,"[0, 0, 0, 0]",0.0,"[0, 0]",0.0
P41654,334,"[0, 0, 0]",0.0,[],334.0,[24],24.0
Q9HV27,393,"[163, 162, 119, 117, 67, 43, 0, 0, 3, 0, 28]",63.81818181818182,"[0, 3, 0, 0, 28, 32]",10.5,[],393.0
O34705,259,"[0, 0, 0]",0.0,"[0, 0, 0]",0.0,"[0, 0, 0]",0.0
Q02595,510,"[0, 0]",0.0,"[0, 2, 39]",13.666666666666666,[0],0.0
O02002,323,"[0, 0]",0.0,"[0, 10, 0]",3.3333333333333335,"[0, 0]",0.0
O25503,262,"[0, 24, 0, 18, 9]",10.2,[],262.0,"[27, 0]",13.5
P38838,269,"[0, 0, 0, 0]",0.0,"[0, 0]",0.0,[0],0.0
P84142,91,"[0, 0]",0.0,"[0, 0]",0.0,"[0, 0]",0.0
Q0P9D4,590,[0],0.0,"[335, 226, 96, 0, 1]",131.6,[0],0.0
Q869L4,793,"[0, 0]",0.0,"[0, 2]",1.0,[0],0.0
Q2UPB4,334,"[31, 0, 0]",10.333333333333334,[7],7.0,[],334.0
D3DFS4,334,[],334.0,"[0, 126, 168, 170]",116.0,[0],0.0
E4N7E5,320,"[0, 0, 0, 0, 0]",0.0,"[1, 0, 0, 26, 0, 0, 1, 3, 78, 79]",18.8,[],320.0
Q7Z9M7,249,"[0, 11, 2]",4.333333333333333,"[0, 0, 11]",3.6666666666666665,[],249.0
Q2NL51,490,"[0, 0]",0.0,"[0, 2]",1.0,[0],0.0
P16854,540,"[0, 0, 0]",0.0,"[50, 0, 0, 0]",12.5,"[0, 0, 0]",0.0
Q86KK2,149,[0],0.0,"[0, 2, 0, 0]",0.5,[],149.0
P42790,587,"[0, 0, 86, 0]",21.5,"[0, 0, 86, 0]",21.5,[0],0.0
O26901,690,[341],341.0,"[25, 338, 341]",234.66666666666666,[],690.0
A0A166YZU9,392,[0],0.0,"[156, 86, 0]",80.66666666666667,[],392.0
P27874,430,"[308, 176, 0, 0]",121.0,"[176, 0, 0]",58.666666666666664,"[308, 226, 176]",236.66666666666666
Q06522,304,"[0, 146, 180]",108.66666666666667,"[71, 0, 1, 180]",63.0,[180],180.0
L0E155,667,"[0, 0]",0.0,[7],7.0,[],667.0
Q9VHV1,737,"[0, 2, 0, 0]",0.5,"[81, 88]",84.5,[0],0.0
Q98KK0,383,"[0, 0, 0]",0.0,"[0, 0, 57, 0, 17]",14.8,[],383.0
Q9Y7L4,409,"[0, 123, 0, 0, 0]",24.6,"[26, 123]",74.5,[90],90.0
P9WLL7,137,[50],50.0,"[6, 3, 50]",19.666666666666668,[],137.0
P33663,242,"[34, 30, 0, 16, 1, 0, 0, 94]",21.875,"[2, 1, 0, 0, 113]",23.2,[3],3.0
Q9JJN0,694,"[0, 0]",0.0,[107],107.0,[0],0.0
Q9SJA1,672,"[0, 0, 0]",0.0,"[5, 0, 0]",1.6666666666666667,"[0, 0]",0.0
P0CD62,966,"[0, 0]",0.0,[0],0.0,[0],0.0
Q01198,305,"[0, 0, 4]",1.3333333333333333,"[29, 0, 0, 4]",8.25,[4],4.0
Q4WEE0,236,[0],0.0,"[107, 97, 40, 0, 1]",49.0,[107],107.0
Q57749,294,"[36, 34, 32, 31, 20, 18, 9, 0, 1]",20.11111111111111,"[36, 34, 32, 31, 20, 18, 9, 0, 1]",20.11111111111111,[32],32.0
P34205,556,[],556.0,"[217, 45, 49, 118, 122]",110.2,[],556.0
O83859,366,[0],0.0,"[0, 28, 42, 156]",56.5,[0],0.0
Q54XL6,574,"[0, 0]",0.0,"[0, 2, 5]",2.3333333333333335,[0],0.0
D3KVM6,183,[1],1.0,[0],0.0,[],183.0
Q9ZI86,511,"[0, 0, 0]",0.0,"[0, 14, 0, 0, 54]",13.6,"[0, 0, 0]",0.0
Q9Z175,754,"[536, 471, 469, 209, 0, 0, 0]",240.71428571428572,[0],0.0,[],754.0
S0DQ98,338,[0],0.0,[162],162.0,[],338.0
B0R9W6,257,"[0, 0, 0, 0, 0, 0, 88]",12.571428571428571,"[2, 0, 0, 0, 25, 44, 153, 155]",47.375,[],257.0
O54571,239,"[18, 0, 26]",14.666666666666666,"[21, 9, 0]",10.0,[],239.0
C0SPA0,718,"[187, 2, 0, 0, 0]",37.8,"[185, 0, 2, 0]",46.75,"[0, 0]",0.0
Q7UK67,227,"[0, 0]",0.0,"[29, 0, 0, 49]",19.5,"[0, 0]",0.0
Q9HLE6,410,"[0, 0, 0, 3, 0, 0, 0, 0, 0, 0]",0.3,"[5, 24, 41, 43, 0, 1, 0, 0]",14.25,[0],0.0
Q54CD6,697,[140],140.0,"[55, 23, 320, 324, 327]",209.8,[],697.0
Q5B998,368,"[0, 0, 0, 0]",0.0,"[0, 4, 0]",1.3333333333333333,[0],0.0
O45686,393,"[0, 3, 0]",1.0,"[0, 0, 62, 0, 0]",12.4,[],393.0
Q7XQZ6,445,"[0, 0, 0]",0.0,"[0, 2]",1.0,[],445.0
Q54Y55,506,"[0, 0]",0.0,"[0, 274]",137.0,[0],0.0
Q54F47,495,[0],0.0,"[139, 131, 130, 0]",100.0,[],495.0
Q1ZXC8,691,"[0, 0]",0.0,"[0, 2, 40, 150]",48.0,[0],0.0
Q8C2P3,475,"[0, 0, 0, 0]",0.0,"[0, 0, 0]",0.0,[],475.0
Q08548,619,"[38, 0]",19.0,[6],6.0,[0],0.0
P0CU70,538,[0],0.0,"[151, 0, 9]",53.333333333333336,[],538.0
Q503I8,644,"[0, 0, 0, 0, 0, 2, 0]",0.2857142857142857,"[0, 0, 0]",0.0,"[0, 0, 0]",0.0
P25472,584,"[0, 0]",0.0,"[85, 44, 0, 186]",78.75,"[0, 0]",0.0
J3K844,303,"[0, 0, 12, 0]",3.0,"[0, 0, 12, 2, 120]",26.8,"[0, 12]",6.0
Q9FI61,192,[0],0.0,[0],0.0,[0],0.0
P06279,549,"[0, 0, 0]",0.0,"[2, 0, 0, 1, 0]",0.6,"[0, 0]",0.0
O16977,651,"[0, 0, 0, 0]",0.0,"[0, 0, 0, 0, 4, 48]",8.666666666666666,[0],0.0
Q9F3C7,314,[0],0.0,[],314.0,[],314.0
C0QRQ2,403,"[2, 0, 27]",9.666666666666666,[0],0.0,[],403.0
Q3E989,512,"[0, 0, 0, 0]",0.0,"[0, 0, 0, 0]",0.0,"[0, 0]",0.0
C0LGK4,915,[0],0.0,[],915.0,[0],0.0
P41963,199,"[0, 0, 0, 0, 0, 0, 0]",0.0,"[0, 26]",13.0,[],199.0
Q7ZVS8,743,"[0, 0, 0, 0]",0.0,"[0, 37]",18.5,[0],0.0
Q7Z5A4,293,"[0, 0, 0]",0.0,"[0, 0, 2, 0, 1]",0.6,"[0, 0, 0]",0.0
Q74CU0,880,"[489, 487, 428, 402, 401, 0, 0]",315.2857142857143,"[489, 487, 403, 401, 351, 160, 98, 57, 13]",273.22222222222223,[493],493.0
O29867,868,"[0, 0, 0, 0, 0, 0, 0, 0]",0.0,"[0, 35, 0, 66, 0]",20.2,[],868.0
Q1ECV4,771,"[0, 0]",0.0,"[232, 47, 0, 24, 120, 135]",93.0,[],771.0
Q9S850,393,"[0, 0, 0]",0.0,"[0, 0, 34]",11.333333333333334,[],393.0
Q9FXG2,463,"[34, 4, 11, 22]",17.75,"[0, 0, 32, 43, 4, 29, 33, 87]",28.5,[],463.0
Q796K8,704,"[397, 0]",198.5,"[233, 0, 3, 54, 216]",101.2,[],704.0
O57712,389,"[0, 0, 0, 0, 6, 0, 0]",0.8571428571428571,"[0, 3, 0]",1.0,[0],0.0
B0G0Y8,466,"[0, 0, 0, 0, 3, 0]",0.5,"[104, 0, 0, 0, 3, 29]",22.666666666666668,[0],0.0
Q9K8X1,427,"[0, 0, 4, 7]",2.75,"[6, 0, 4]",3.3333333333333335,[],427.0
E6R427,286,"[14, 0, 0, 0, 0]",2.8,"[0, 0, 0, 30]",7.5,[],286.0
Q54TH6,597,"[0, 0]",0.0,"[0, 0, 2]",0.6666666666666666,[0],0.0
Q84MA1,599,"[0, 5, 0, 0, 6, 23, 0]",4.857142857142857,"[0, 3]",1.5,[0],0.0
P45951,536,"[2, 0, 0, 0, 0, 0]",0.3333333333333333,"[1, 0, 14, 0, 0, 0]",2.5,"[0, 0, 0]",0.0
E5A7D6,551,[0],0.0,"[154, 0]",77.0,[],551.0
Q20085,468,"[0, 0]",0.0,"[0, 0, 2]",0.6666666666666666,[0],0.0
Q9YDW0,471,"[0, 0, 53]",17.666666666666668,"[0, 22, 10, 2, 50, 26, 9]",17.0,[],471.0
Q7RX33,876,"[0, 0, 0, 0, 0, 0, 3, 0, 0, 0, 316]",29.0,"[0, 320]",160.0,[0],0.0
Q9N2V9,760,"[0, 0, 0, 0, 3, 0, 3]",0.8571428571428571,"[1, 0, 0, 3, 29, 21]",9.0,[0],0.0
A5JTM5,269,"[0, 8]",4.0,"[26, 0, 5]",10.333333333333334,[],269.0
P83179,140,"[63, 26, 68]",52.333333333333336,"[9, 11, 26]",15.333333333333334,[26],26.0
Q8C015,719,"[0, 0]",0.0,"[16, 0, 2]",6.0,[0],0.0
Q06584,689,"[468, 0, 1, 0, 0]",93.8,"[1, 0]",0.5,[1],1.0
Q9RV39,434,"[0, 39, 46, 53, 79, 80, 101, 133, 165]",77.33333333333333,"[10, 0, 29, 79, 80, 83, 133]",59.142857142857146,[],434.0
Q7M438,223,"[0, 1, 0, 0]",0.25,"[0, 0, 0]",0.0,"[0, 0, 0]",0.0
P28321,313,"[0, 0, 0]",0.0,"[0, 0, 0]",0.0,"[0, 0, 0]",0.0
Q83GI1,293,"[92, 90, 0, 0]",45.5,"[92, 90, 0, 2, 0, 58]",40.333333333333336,"[0, 0]",0.0
O22827,198,"[16, 0]",8.0,"[36, 16, 18]",23.333333333333332,[],198.0
Q8NB12,490,"[0, 0, 0, 0, 0, 0, 0, 0, 0, 0, 0, 0]",0.0,"[0, 22]",11.0,[],490.0
Q6ZQ88,853,"[0, 0, 211, 0]",52.75,"[1, 40]",20.5,[],853.0
P53314,239,"[0, 0, 0, 0, 0]",0.0,"[0, 0, 0, 0]",0.0,"[0, 0]",0.0
Q03161,297,"[0, 0, 1, 0, 0, 0, 0]",0.14285714285714285,"[1, 0, 0]",0.3333333333333333,"[0, 0]",0.0
P47473,721,"[0, 0, 0, 0, 0, 21, 0, 0, 0, 0, 0, 0]",1.75,"[0, 0, 0, 0, 99, 0]",16.5,[0],0.0
Q8W583,190,[0],0.0,[],190.0,[0],0.0
Q7MUW6,732,"[0, 0, 0]",0.0,"[298, 0, 1, 36, 0, 0]",55.833333333333336,"[0, 0, 0]",0.0
Q83WC3,277,"[76, 71, 31, 30, 27, 26]",43.5,[53],53.0,[],277.0
P10478,837,"[473, 415, 385, 343, 341, 230, 0, 0]",273.375,"[473, 415, 385, 0, 0, 2]",212.5,"[0, 0]",0.0
Q8RV79,351,"[0, 0]",0.0,"[65, 0, 0]",21.666666666666668,"[0, 0]",0.0
Q99396,572,"[0, 0]",0.0,"[74, 105]",89.5,[],572.0
Q8SV03,411,"[0, 0, 106]",35.333333333333336,"[0, 0, 148]",49.333333333333336,"[0, 0]",0.0
Q9YD20,163,"[0, 0, 0, 0]",0.0,[],163.0,[],163.0
P25524,427,"[0, 0, 0, 0, 0, 0]",0.0,"[0, 0, 0, 0]",0.0,[0],0.0
H2VFI5,377,"[112, 90, 72]",91.33333333333333,"[201, 112, 7, 91]",102.75,[],377.0
O59923,519,"[52, 49, 0, 0, 0, 0, 0, 0]",12.625,"[92, 91, 89, 19, 17, 0]",51.333333333333336,[0],0.0
O13924,488,"[0, 0]",0.0,"[0, 0]",0.0,[0],0.0
Q6QWR1,621,[0],0.0,"[0, 0]",0.0,"[0, 0]",0.0
P04390,245,"[0, 0]",0.0,[0],0.0,[0],0.0
Q10056,589,"[0, 0]",0.0,"[144, 0, 2, 5, 38]",37.8,[0],0.0
O67766,126,"[0, 8, 0]",2.6666666666666665,"[57, 0, 4]",20.333333333333332,[],126.0
P95442,481,"[0, 0, 0, 3, 35, 0]",6.333333333333333,"[62, 0, 35, 29]",31.5,"[35, 0]",17.5
P22320,488,"[0, 0, 67, 0, 0]",13.4,"[151, 2, 0, 0, 27]",36.0,[],488.0
A9A1T2,457,"[46, 38, 3, 0, 4, 0, 216]",43.857142857142854,[0],0.0,[],457.0
Q8T2I5,480,"[0, 0]",0.0,"[0, 31, 0, 0, 96]",25.4,"[0, 0, 0]",0.0
A1JHZ3,331,[0],0.0,"[0, 31, 2, 0, 2, 9]",7.333333333333333,[0],0.0
I6Y778,454,"[7, 0]",3.5,"[35, 7, 0, 0]",10.5,[0],0.0
A2BJB7,411,"[0, 0]",0.0,[],411.0,[0],0.0
Q04458,532,"[97, 0, 0]",32.333333333333336,"[97, 0, 0, 165]",65.5,"[0, 0]",0.0
Q58DB6,537,"[0, 0, 0]",0.0,"[0, 22]",11.0,"[0, 0]",0.0
Q51507,101,"[0, 0, 0, 8, 12, 0]",3.3333333333333335,"[0, 0]",0.0,[],101.0
I1S2J5,505,[0],0.0,"[141, 137, 74, 0]",88.0,[],505.0
F9US27,490,"[0, 1, 0, 0]",0.25,"[21, 0, 4]",8.333333333333334,[],490.0
Q8L7S3,809,"[442, 436, 432, 278, 273, 167, 0, 21, 16, 0, 0, 0, 70]",164.23076923076923,"[436, 202, 0, 70]",177.0,"[0, 70]",35.0
P30899,321,"[0, 3, 64]",22.333333333333332,"[0, 3, 64, 101, 171, 174]",85.5,"[0, 64]",32.0
P21338,268,"[0, 0]",0.0,"[0, 3, 0, 0]",0.75,"[0, 0, 0]",0.0
P80874,331,"[0, 0, 0, 11]",2.75,"[31, 0, 41, 11, 6]",17.8,[0],0.0
G5EFL0,845,"[0, 0]",0.0,[88],88.0,[],845.0
P9WLH5,364,"[0, 0, 0, 0, 0, 28, 24, 0, 67]",13.222222222222221,"[0, 0, 0, 0, 0, 11, 24, 0, 67]",11.333333333333334,"[0, 0, 0, 67]",16.75
B9WCV6,930,"[0, 0, 0, 0, 0, 23, 0, 0]",2.875,"[73, 0, 0, 0, 0, 23, 0]",13.714285714285714,[],930.0
H1AAP2,219,"[0, 0, 0]",0.0,"[0, 2, 4, 0, 0]",1.2,[0],0.0
Q09109,749,"[0, 0, 0, 0, 202, 315, 413, 422]",169.0,"[8, 0, 267]",91.66666666666667,[],749.0
O58832,342,"[0, 20, 0, 21, 0]",8.2,"[0, 20, 0, 21, 0]",8.2,[],342.0
Q12608,517,[0],0.0,"[330, 225, 137, 133, 0]",165.0,[],517.0
Q7M826,319,"[0, 0, 0, 0, 0, 0, 0, 0, 5, 0, 0, 0, 0]",0.38461538461538464,[30],30.0,[],319.0
O74426,338,"[0, 0]",0.0,"[0, 2, 5, 43]",12.5,[0],0.0
Q5NAI7,512,"[0, 0, 195, 0]",48.75,"[159, 8]",83.5,[],512.0
P80909,79,"[0, 0, 0, 0, 0, 0, 0, 0]",0.0,"[1, 0]",0.5,[],79.0
P0C218,761,[],761.0,"[23, 309, 313]",215.0,[],761.0
Q9KL03,173,"[38, 43, 50]",43.666666666666664,[0],0.0,[50],50.0
P85999,51,[0],0.0,[0],0.0,[],51.0
F4I107,388,"[130, 0, 0, 0]",32.5,"[0, 1, 0, 0]",0.25,"[0, 0]",0.0
Q9Y899,404,"[0, 0]",0.0,"[0, 2, 21, 42, 45]",22.0,[0],0.0
O35000,242,[0],0.0,"[0, 0]",0.0,"[0, 0, 0, 0]",0.0
Q11010,857,"[0, 0, 0, 0, 0]",0.0,"[57, 31, 30, 0, 0, 0, 0, 0]",14.75,[0],0.0
Q7Z5W3,292,[0],0.0,[0],0.0,[],292.0
Q9ZGH1,485,"[0, 0, 0]",0.0,"[0, 0, 0, 94]",23.5,[],485.0
P42778,408,"[0, 0, 0, 0, 0, 0]",0.0,"[108, 1, 0, 1, 0, 0]",18.333333333333332,[],408.0
Q58826,359,"[0, 0, 0, 143]",35.75,"[0, 0, 0, 35, 244]",55.8,[],359.0
Q10039,742,[2],2.0,"[150, 86, 0, 21, 19, 8, 89, 90, 114, 115, 5, 0]",58.083333333333336,[],742.0
B2V8P5,206,"[1, 13, 0, 0]",3.5,"[0, 15, 17, 20, 6]",11.6,[0],0.0
Q9NGP6,410,"[0, 0, 0, 0]",0.0,"[0, 43, 0, 1, 0, 60, 93]",28.142857142857142,[0],0.0
P85142,62,[0],0.0,"[2, 0]",1.0,[0],0.0
P0DOV3,210,"[11, 8, 0, 0, 0, 0, 0, 0, 8, 5, 0, 0, 0, 0, 0, 3, 0, 0, 0, 0, 0, 0]",1.5909090909090908,"[16, 5]",10.5,[],210.0
Q27895,628,"[163, 48, 0, 46]",64.25,[],628.0,[],628.0
P76290,247,[43],43.0,[],247.0,[],247.0
Q9SR40,567,"[0, 0, 0, 0, 0, 0, 0, 0, 0, 0, 0]",0.0,"[0, 0, 0, 0, 2, 0, 0, 0, 0, 0, 0, 1, 0]",0.23076923076923078,[],567.0
Q9Z2D7,554,"[440, 0]",220.0,[],554.0,[0],0.0
Q6CH28,545,"[0, 0, 0]",0.0,"[0, 0]",0.0,"[0, 0]",0.0
P39153,346,[0],0.0,"[2, 0, 0, 0, 1]",0.6,[],346.0
O16881,388,"[13, 0]",6.5,"[147, 40, 13, 0, 4]",40.8,"[0, 4]",2.0
Q9V6K3,724,"[0, 0]",0.0,"[250, 137, 0, 4]",97.75,[0],0.0
Q8VHL1,366,[0],0.0,"[0, 24, 20, 12, 0]",11.2,[],366.0
B8D1G6,347,"[0, 32]",16.0,"[138, 0, 29, 168]",83.75,[0],0.0
Q5YQZ6,552,"[0, 0, 11, 0, 0, 76]",14.5,"[0, 0, 11, 18, 26]",11.0,[0],0.0
P32138,678,"[0, 0, 17, 0, 32]",9.8,"[2, 45, 0, 0, 17, 0, 32]",13.714285714285714,"[0, 0, 0]",0.0
Q00983,260,"[0, 3, 48, 138]",47.25,"[0, 3, 138]",47.0,"[0, 87]",43.5
Q55EC7,960,"[0, 0]",0.0,"[0, 39]",19.5,[0],0.0
O59179,441,[0],0.0,"[0, 1, 18, 163]",45.5,[0],0.0
E9QCD3,513,[0],0.0,"[28, 11, 8, 3, 2, 1, 6, 319]",47.25,[0],0.0
Q9YFM7,308,"[27, 27, 33, 0]",21.75,"[38, 37, 33, 33, 31]",34.4,[],308.0
Q4WR17,580,[0],0.0,"[296, 133, 71, 0]",125.0,[],580.0
Q4WQI1,775,"[0, 0, 202]",67.33333333333333,"[0, 16]",8.0,"[0, 0]",0.0
Q86AT8,638,"[0, 0]",0.0,[0],0.0,[0],0.0
P27574,550,[0],0.0,"[97, 32, 0, 6, 7]",28.4,[0],0.0
P45436,508,"[0, 0]",0.0,"[0, 0]",0.0,"[0, 0]",0.0
Q6AHF2,389,"[41, 0, 0]",13.666666666666666,"[31, 4, 0, 6, 3, 2, 0]",6.571428571428571,[],389.0
I6WU39,101,"[0, 3]",1.5,"[0, 7, 0, 3, 21]",6.2,[],101.0
O31857,221,"[0, 1, 0, 0]",0.25,"[0, 1, 0, 31, 40, 9, 3, 0, 29]",12.555555555555555,[],221.0
Q6GLK2,222,[],222.0,"[7, 0]",3.5,[0],0.0
Q5ZX15,350,"[1, 0, 0]",0.3333333333333333,"[0, 0, 0]",0.0,"[0, 0]",0.0
P39074,297,"[0, 26, 0, 0, 0, 0, 2, 0]",3.5,[],297.0,"[26, 0]",13.0
Q9STK6,516,[2],2.0,"[2, 0, 3, 19]",6.0,[2],2.0
Q74NA6,392,"[0, 0]",0.0,[11],11.0,[],392.0
Q55CE0,677,"[0, 0]",0.0,[0],0.0,[0],0.0
Q92383,228,"[0, 0]",0.0,"[0, 0, 41]",13.666666666666666,[0],0.0
P13502,92,"[0, 0, 0, 0]",0.0,"[0, 1, 0, 0, 1, 0, 14]",2.2857142857142856,[],92.0
Q87P32,387,[],387.0,"[11, 3]",7.0,[],387.0
Q9PF20,262,"[0, 0]",0.0,"[1, 0, 0, 0, 20, 72, 74]",23.857142857142858,[],262.0
Q08968,688,"[0, 0, 0, 0, 0, 0, 20, 338]",44.75,"[0, 338]",169.0,[],688.0
Q8PYS1,295,"[0, 0, 0, 0, 0, 0, 0, 0, 0, 0]",0.0,"[0, 0, 0, 0, 0, 3]",0.5,[],295.0
Q9ZPY1,198,[],198.0,"[0, 60]",30.0,[],198.0
Q6AUC6,513,"[0, 0, 2]",0.6666666666666666,"[0, 0, 3, 2, 23]",5.6,[0],0.0
Q7LKZ6,669,"[0, 104, 225]",109.66666666666667,"[1, 0, 104, 225]",82.5,"[104, 225]",164.5
Q9N0F3,518,"[0, 48, 0]",16.0,"[17, 15, 13, 1, 2, 48, 35, 32, 6]",18.77777777777778,[],518.0
P14529,326,[0],0.0,"[105, 4, 2, 0, 67, 145]",53.833333333333336,[0],0.0
P06652,596,[0],0.0,"[32, 3]",17.5,[0],0.0
Q01490,203,"[2, 4]",3.0,"[66, 61, 58, 19, 8, 1, 5]",31.142857142857142,[],203.0
A0A0K0JFP3,572,"[69, 45, 0]",38.0,"[0, 15, 0, 0]",3.75,[0],0.0
Q9ACU1,564,"[254, 250, 247, 243, 242, 133, 130, 127, 126, 50, 0, 0, 5, 0, 0, 0, 0]",106.29411764705883,"[254, 251, 184, 164, 0, 0, 57, 0]",113.75,"[0, 0]",0.0
P38694,644,"[0, 0]",0.0,"[0, 0, 0, 216]",54.0,"[0, 0]",0.0
P86226,221,[],221.0,"[0, 42, 119]",53.666666666666664,[],221.0
P69816,106,[0],0.0,"[0, 5, 6]",3.6666666666666665,[],106.0
Q03942,479,[0],0.0,[0],0.0,[],479.0
Q86AH1,640,"[20, 18, 0, 16, 0, 0]",9.0,"[253, 49, 45, 0, 0, 35]",63.666666666666664,[0],0.0
Q0E2Y1,551,[],551.0,"[3, 0, 0, 4, 3, 0]",1.6666666666666667,[0],0.0
Q97VT7,314,"[0, 0, 0, 0, 0, 23, 0]",3.2857142857142856,"[0, 0, 0, 0, 0, 0]",0.0,[0],0.0
Q98RC3,157,"[0, 0]",0.0,"[39, 0]",19.5,[0],0.0
Q8K009,923,"[97, 0, 4, 0, 61, 90, 0, 0]",31.5,"[0, 0, 99, 0, 0]",19.8,"[0, 0]",0.0
Q338P6,329,"[0, 14, 64, 0]",19.5,[],329.0,[],329.0
P11928,367,"[0, 0, 0, 0, 0]",0.0,[1],1.0,[0],0.0
P22751,749,"[407, 0, 0, 0, 0]",81.4,"[444, 2, 2, 0, 52]",100.0,[0],0.0
Q8MYF1,456,"[0, 0]",0.0,"[0, 2, 4, 5, 38, 196]",40.833333333333336,[0],0.0
Q9FE17,473,"[0, 0, 0, 0, 0, 0]",0.0,"[72, 69, 19, 0]",40.0,[0],0.0
O94266,551,"[0, 290, 327, 380, 384, 410, 452]",320.42857142857144,"[137, 140, 182, 290, 293, 323, 327, 380, 410, 452]",293.4,[452],452.0
O50078,540,"[68, 0]",34.0,"[0, 2, 11, 0, 2, 73, 71, 69, 45]",30.333333333333332,[0],0.0
F1SYB2,517,[0],0.0,"[138, 2]",70.0,[],517.0
Q9FMY3,341,"[0, 0]",0.0,"[0, 0, 2, 5]",1.75,[0],0.0
P40084,226,"[0, 0, 0, 0]",0.0,"[6, 10]",8.0,[],226.0
Q05688,640,"[0, 0]",0.0,"[17, 2, 0, 4]",5.75,[0],0.0
O06995,226,"[0, 0, 0, 0]",0.0,"[0, 2, 0]",0.6666666666666666,"[0, 0]",0.0
Q4FM31,371,"[0, 0, 56, 0, 0, 0, 0, 0, 2, 0, 0, 0, 3, 0]",4.357142857142857,"[0, 47, 0, 2, 0, 0, 2, 4]",6.875,[],371.0
Q8UJ09,259,"[0, 30, 0, 0]",7.5,"[0, 0, 0, 33]",8.25,"[0, 0, 0]",0.0
Q9LJK1,501,[0],0.0,"[37, 38]",37.5,[],501.0
Q940L4,649,"[0, 0, 0, 10]",2.5,"[202, 0, 0, 0]",50.5,"[0, 0, 0]",0.0
Q82P90,481,"[0, 0, 0, 17]",4.25,"[0, 0, 0]",0.0,"[0, 0, 0]",0.0
Q8W490,470,"[0, 0]",0.0,"[0, 2, 5, 37, 40]",16.8,[0],0.0
I6WZK7,504,"[0, 0, 0, 0, 0, 0, 0, 0, 0, 0, 0, 5]",0.4166666666666667,"[0, 0, 0, 0, 52, 78, 0, 0, 0, 0, 0, 0, 0, 5]",9.642857142857142,[0],0.0
D4AJR9,457,"[0, 0]",0.0,"[0, 2]",1.0,[0],0.0
A8FAP9,230,"[0, 0, 26]",8.666666666666666,"[0, 0, 25, 30, 28, 21]",17.333333333333332,[],230.0
P10955,505,"[81, 0]",40.5,"[94, 240]",167.0,[],505.0
L0DSL2,553,"[0, 0, 0, 0, 0, 0, 0, 0, 0, 0, 0, 0, 0, 0, 0, 0, 0, 0, 0, 0, 0, 0, 0, 0, 0, 0, 0, 0, 0]",0.0,"[12, 0, 1, 3, 0]",3.2,[],553.0
P50139,332,"[3, 0, 0]",1.0,"[1, 0, 48]",16.333333333333332,[0],0.0
P94544,570,"[0, 0, 0, 5, 0, 0, 0, 0, 0, 0]",0.5,"[2, 27, 0, 5, 0, 0, 2, 0, 0, 0]",3.6,[],570.0
Q7Y220,649,"[0, 0, 7]",2.3333333333333335,"[0, 0, 0]",0.0,"[0, 0, 0]",0.0
O87393,435,"[0, 0, 5, 0, 0, 0, 12]",2.4285714285714284,"[0, 0, 0]",0.0,[],435.0
Q6B516,760,"[0, 0, 0, 0, 0, 262]",43.666666666666664,"[1, 0]",0.5,[0],0.0
P44176,274,"[0, 0, 0, 0, 0, 0, 0, 27, 0, 0]",2.7,"[0, 0, 0, 1, 0, 0, 0, 0]",0.125,[0],0.0
P23857,104,[0],0.0,"[0, 1]",0.5,[0],0.0
Q9FFB6,291,"[0, 0, 0, 0, 0, 0, 0, 0, 0, 0, 0, 9, 28, 36, 48, 51, 87, 90, 105, 108]",28.1,"[0, 0, 0, 30, 33, 114]",29.5,[],291.0
Q01402,233,"[0, 0, 0]",0.0,"[0, 0, 0, 11]",2.75,[0],0.0
G3KIM8,394,"[0, 27]",13.5,"[26, 0]",13.0,[0],0.0
P07003,572,"[0, 0, 0]",0.0,"[2, 0]",1.0,[],572.0
P54746,877,"[0, 0, 0, 56, 0]",11.2,"[0, 34, 0, 96, 0, 6, 7, 189]",41.5,[0],0.0
Q09693,506,"[0, 0]",0.0,"[0, 87]",43.5,[],506.0
Q8W566,337,"[0, 0, 41, 0, 0]",8.2,"[7, 0]",3.5,[0],0.0
F4HWL4,748,[0],0.0,"[319, 316, 3, 0]",159.5,[],748.0
P82902,52,"[0, 4]",2.0,[43],43.0,[],52.0
Q20443,441,"[0, 0]",0.0,"[0, 2, 5]",2.3333333333333335,[0],0.0
O74429,920,[],920.0,"[2, 0, 75]",25.666666666666668,[76],76.0
E1WKT5,318,"[0, 7, 0, 4, 0]",2.2,"[26, 25, 0, 5, 0, 4, 0]",8.571428571428571,[],318.0
Q9AL94,54,"[0, 0, 0, 0]",0.0,"[2, 10, 0]",4.0,[],54.0
Q949R4,269,"[0, 0, 56, 0, 0]",11.2,"[0, 0, 57, 56, 0, 0]",18.833333333333332,[],269.0
Q22710,414,"[0, 0, 0, 0]",0.0,"[0, 0, 0, 0, 4, 56, 111]",24.428571428571427,[0],0.0
P90518,719,"[271, 198, 0, 0]",117.25,"[198, 0, 1, 0, 31]",46.0,[],719.0
P44570,241,"[2, 0, 0, 0]",0.5,"[66, 9, 0, 6, 0, 0]",13.5,[0],0.0
B2KES3,221,"[0, 0, 0, 0, 0]",0.0,[0],0.0,[],221.0
C4JUE5,349,"[0, 0, 0, 14, 0]",2.8,"[0, 0, 14, 2, 129]",29.0,"[0, 14]",7.0
Q8VZJ9,411,"[0, 0]",0.0,"[0, 0, 5, 42]",11.75,[0],0.0
Q93Z01,353,"[165, 0]",82.5,"[165, 3, 2, 0]",42.5,[0],0.0
P36069,295,"[1, 0, 35, 0]",9.0,"[0, 0, 0]",0.0,"[0, 0]",0.0
O01775,357,"[0, 0]",0.0,"[0, 2]",1.0,[0],0.0
P43154,814,"[0, 0, 0, 24, 68]",18.4,"[0, 68]",34.0,[0],0.0
B3PIB0,358,"[35, 0, 0, 0, 0]",7.0,"[0, 0, 1, 0]",0.25,"[0, 0, 0]",0.0
Q4V399,433,"[0, 0, 0, 0]",0.0,[],433.0,[],433.0
Q95WU5,761,"[0, 0, 0]",0.0,"[0, 1, 0, 2]",0.75,"[0, 0]",0.0
S0DPM1,530,[0],0.0,"[144, 0]",72.0,[],530.0
Q12305,139,[0],0.0,"[0, 2, 5]",2.3333333333333335,[0],0.0
A9CKY2,276,"[0, 0, 1, 0, 0, 0, 0]",0.14285714285714285,"[0, 0, 1, 0, 0, 0]",0.16666666666666666,"[1, 0, 0]",0.3333333333333333
P22857,394,"[0, 0, 0, 0, 0, 0, 0, 0]",0.0,"[0, 0, 31, 0, 2, 0, 0, 0, 0, 0, 0]",3.0,"[0, 0]",0.0
P16692,252,"[0, 0, 0, 0, 0, 0, 0, 0, 0, 0, 0]",0.0,"[2, 0, 0, 0, 22, 0, 0, 0, 0, 0, 0, 22, 0, 0]",3.2857142857142856,[],252.0
Q9U1Y5,476,"[0, 0]",0.0,"[0, 2, 20]",7.333333333333333,[0],0.0
K0KPV8,393,"[0, 0, 0]",0.0,"[66, 0, 0, 0]",16.5,[],393.0
O31544,287,"[0, 0]",0.0,"[0, 0, 41]",13.666666666666666,"[0, 0]",0.0
P10475,499,"[0, 0]",0.0,"[4, 1, 0, 2, 0, 0, 80]",12.428571428571429,"[0, 0]",0.0
Q39054,670,[243],243.0,"[363, 286, 59]",236.0,[],670.0
Q11001,990,"[175, 0, 0, 0, 0, 0]",29.166666666666668,"[33, 0, 0, 0, 0, 0]",5.5,[0],0.0
B5BLW5,306,"[42, 0, 0, 0]",10.5,"[0, 1, 0, 0]",0.25,"[0, 0, 0]",0.0
P80563,875,"[164, 161, 115, 0, 569]",201.8,"[32, 30, 0]",20.666666666666668,[],875.0
A2SU30,281,"[0, 0]",0.0,"[2, 0, 0, 31, 36]",13.8,[0],0.0
Q2LGB3,718,"[0, 0]",0.0,"[0, 0, 5]",1.6666666666666667,[0],0.0
Q54R82,942,"[0, 0, 581, 619, 621, 635]",409.3333333333333,"[0, 2, 5, 311]",79.5,[0],0.0
Q9HLE4,268,[0],0.0,[],268.0,[0],0.0
Q04399,608,"[0, 0, 0, 0, 0, 0, 0, 0, 0, 0, 0]",0.0,"[0, 0, 0, 0, 0, 0, 0, 0, 0, 0, 0, 64]",5.333333333333333,[],608.0
A2SQW3,487,"[0, 0, 0, 0]",0.0,"[0, 0, 0, 0]",0.0,"[0, 0, 0]",0.0
Q46EH3,461,[],461.0,"[122, 120, 82, 80, 78, 41, 39, 2, 0, 0, 24]",53.45454545454545,[],461.0
Q8W4N3,961,"[0, 0]",0.0,"[5, 0, 0]",1.6666666666666667,"[0, 0]",0.0
P77324,318,"[0, 4, 4, 0, 0, 0, 0, 0, 0]",0.8888888888888888,"[0, 0, 0]",0.0,[],318.0
O69981,967,"[0, 0, 0, 0, 0, 9]",1.5,"[17, 1, 0, 0, 9, 298, 330, 576, 586, 592, 598]",273.3636363636364,[0],0.0
P25037,809,"[0, 0]",0.0,"[5, 0, 0]",1.6666666666666667,"[0, 0]",0.0
Q5A961,690,"[0, 0]",0.0,"[0, 2]",1.0,[0],0.0
P37391,473,"[0, 0, 0, 0, 0, 0]",0.0,"[0, 24, 50, 53, 30, 4, 3, 0]",20.5,[0],0.0
Q8N966,263,"[14, 0]",7.0,"[19, 22]",20.5,[],263.0
A0A140C435,397,[0],0.0,[0],0.0,[],397.0
O59272,287,"[149, 146, 45, 0, 0, 0, 49, 73]",57.75,"[149, 0, 3, 7, 51]",42.0,[],287.0
Q9AI65,453,"[111, 38, 0, 0, 0, 0, 91]",34.285714285714285,"[0, 0, 0, 0, 66, 91, 170]",46.714285714285715,[0],0.0
O60109,532,"[0, 0, 0, 0, 0, 0, 0, 0, 0]",0.0,"[0, 0]",0.0,[],532.0
Q84HH8,515,"[0, 0, 182]",60.666666666666664,"[98, 0, 0, 105]",50.75,"[0, 0]",0.0
A2QWT2,443,"[0, 1, 23]",8.0,"[1, 56]",28.5,"[0, 23, 75]",32.666666666666664
A0A0H2WWV6,493,"[2, 1, 0, 0, 0, 0]",0.5,"[0, 0, 20]",6.666666666666667,[],493.0
Q5JE80,324,"[0, 0, 0, 141, 234]",75.0,"[0, 0, 0, 43, 74]",23.4,[],324.0
P15636,653,"[0, 0, 0]",0.0,"[0, 0, 2, 0]",0.5,"[0, 0, 0]",0.0
Q54S02,182,"[0, 0, 0, 0, 0, 0]",0.0,"[0, 0, 0, 0, 0]",0.0,[],182.0
P44679,136,[0],0.0,[18],18.0,[0],0.0
Q8RWN7,856,"[0, 0, 0, 0]",0.0,[],856.0,[],856.0
Q9HU15,634,[0],0.0,"[0, 186, 191, 254]",157.75,"[0, 153, 191]",114.66666666666667
Q95017,166,[0],0.0,"[10, 8, 0, 2]",5.0,[0],0.0
O54259,118,[],118.0,[],118.0,[],118.0
Q9UUF3,287,[0],0.0,"[0, 2, 5, 6]",3.25,[],287.0
Q9NFP1,558,"[0, 0, 6, 0]",1.5,"[0, 17, 0, 0]",4.25,"[0, 0]",0.0
A9AWD5,521,"[0, 0]",0.0,"[279, 34, 80]",131.0,"[0, 178]",89.0
I3RB26,270,[],270.0,"[17, 201]",109.0,[],270.0
Q2M405,599,"[250, 210, 196, 79, 0]",147.0,"[250, 194, 0]",148.0,"[0, 19]",9.5
Q6FJI9,129,[],129.0,[67],67.0,[],129.0
P38278,337,[0],0.0,[137],137.0,[],337.0
C4VBI7,614,"[0, 18, 1]",6.333333333333333,"[0, 3, 53, 38, 55]",29.8,[],614.0
Q9RWM1,193,"[0, 0, 0]",0.0,"[0, 82]",41.0,[],193.0
P73881,402,"[84, 34, 0, 0]",29.5,"[2, 44, 50]",32.0,[0],0.0
P15704,448,"[0, 0]",0.0,"[66, 64, 4, 1, 0, 2, 0, 0]",17.125,"[0, 0]",0.0
P0AEY3,263,"[151, 133, 111, 0, 0, 23, 22]",62.857142857142854,"[151, 149, 114, 81, 77, 76, 74, 4, 0, 0, 0, 0, 4]",56.15384615384615,[],263.0
Q8XAC3,377,"[70, 0, 0, 0, 21, 0]",15.166666666666666,"[0, 0, 0]",0.0,[0],0.0
Q9HZ00,285,"[17, 0, 0, 16, 0, 0]",5.5,"[3, 0, 0, 16, 0, 0]",3.1666666666666665,[],285.0
Q8Z5I4,257,"[0, 4, 0, 1, 0]",1.0,"[10, 0, 1, 48, 0]",11.8,[],257.0
P9WI63,399,"[0, 0]",0.0,"[0, 0, 2, 5, 39]",9.2,[0],0.0
D3JV05,285,"[34, 0, 0, 38]",18.0,"[34, 0, 24, 2, 0]",12.0,[],285.0
Q01738,773,"[0, 138, 0, 33]",42.75,"[0, 80, 0, 43]",30.75,"[0, 43]",21.5
Q04972,425,"[226, 175, 140, 107, 0]",129.6,"[141, 106, 53, 49, 46, 1, 0, 64]",57.5,[53],53.0
P49594,449,"[0, 0, 0, 0]",0.0,"[197, 1, 80, 1, 0, 0]",46.5,[],449.0
O86042,192,"[0, 0, 0, 93]",23.25,"[38, 24, 0, 0, 2, 4]",11.333333333333334,[],192.0
O31619,336,"[0, 0, 0, 2, 0, 0, 0, 20, 0, 0, 0, 0, 0]",1.6923076923076923,"[0, 20, 0, 0, 0, 20]",6.666666666666667,[],336.0
J7FJH2,367,"[0, 0, 0, 0, 0, 3]",0.5,"[33, 0, 0, 0, 0, 1, 3]",5.285714285714286,[],367.0
Q12706,436,"[0, 0]",0.0,"[0, 2, 4, 37]",10.75,[0],0.0
O34788,346,"[0, 0, 1, 30, 33, 40, 0]",14.857142857142858,"[0, 2, 5, 0]",1.75,[5],5.0
Q9XB59,273,"[0, 0, 0]",0.0,"[34, 0, 0, 60, 0, 0]",15.666666666666666,[],273.0
P45306,695,[0],0.0,"[396, 226, 55, 54, 0, 1, 0]",104.57142857142857,"[0, 0, 4]",1.3333333333333333
Q8KCU0,456,"[0, 0, 0]",0.0,"[0, 0, 0, 107]",26.75,[],456.0
P44888,593,[0],0.0,"[0, 73, 108]",60.333333333333336,[0],0.0
