id,residues,tool
Q6FJI9,,Not-found
Q54QG0,225,squidly
O61125,138,squidly
Q54R82,296,squidly
Q57688,,Not-found
J7FJH2,,Not-found
A2SQW3,149|312|345,squidly
P69816,,Not-found
P38838,115,squidly
Q23498,318,squidly
O14156,,Not-found
Q55CS8,638,squidly
Q8W566,290,squidly
P91828,165,squidly
P11018,49|86|245,squidly
Q9YD20,,Not-found
I3RB26,,Not-found
Q9YFY8,85|169,squidly
F4I107,186|282,squidly
F9US27,,Not-found
Q99396,,Not-found
Q0PBX7,,Not-found
Q4WEE0,23,squidly
B5GRC8,,Not-found
Q83F94,,Not-found
P9WNE5,,Not-found
D3KVM6,,Not-found
A0A1U8QFC3,,Not-found
F1SY74,,Not-found
Q09363,,Not-found
Q9KL03,133,squidly
Q9U1Y5,300,squidly
Q10056,433,squidly
Q9VHV1,113,squidly
Q2G0P6,,Not-found
Q9Y898,242,squidly
Q4U3Y2,,Not-found
O53423,79|246,squidly
Q22036,82|251|289,squidly
P32945,361|484,squidly
P32586,629,squidly
B6H6L7,56|59|169,squidly
Q6GLK2,147,squidly
O16977,291,squidly
O34705,87|205|235,squidly
E6R427,,Not-found
Q5QKR8,126,squidly
O26687,,Not-found
Q28CZ9,,Not-found
Q5ZX15,204|247,squidly
P82902,,Not-found
P86074,,Not-found
P11928,148,squidly
O29867,,Not-found
Q8MYY6,,Not-found
Q54PK9,393,squidly
P38278,,Not-found
Q9VWU1,186|233|338,squidly
P54637,649,squidly
P28321,122|250|280,squidly
Q6LX63,354,squidly
G8SD34,83,squidly
Q5BD29,391|487,squidly
O43980,81|165|264,squidly
O50078,224,squidly
Q9KG32,71,squidly
A0A2P1BT06,,Not-found
Q9ZPY1,,Not-found
P22320,,Not-found
Q12608,,Not-found
Q9HLE4,65,squidly
Q70KF0,,Not-found
P85999,,Not-found
Q83WC3,,Not-found
P10955,,Not-found
Q8KCU0,,Not-found
Q3S8P9,,Not-found
A8FAP9,,Not-found
Q9VQN8,,Not-found
Q06702,114|262,squidly
P85142,47,squidly
Q8SV03,65|67,squidly
O60109,,Not-found
B9WCV6,,Not-found
P14529,150,squidly
Q8VIV2,1,squidly
P43337,,Not-found
P15704,174|262,squidly
Q0P9D4,396,squidly
A2SU30,54,squidly
Q9HKT1,,Not-found
O54259,,Not-found
Q72E85,,Not-found
Q9VUY0,,Not-found
A2BJB7,49,squidly
P21637,,Not-found
P9WI63,141,squidly
P11439,,Not-found
Q9S713,278,squidly
Q6B516,314,squidly
O07566,,Not-found
Q04751,239,squidly
E9QCD3,193,squidly
Q84BQ9,,Not-found
P49332,,Not-found
Q55CE0,518,squidly
B0TFA7,199,squidly
P49594,,Not-found
Q8RWN7,,Not-found
Q5QHG6,302,squidly
Q11001,357,squidly
P32823,312,squidly
A3CTK0,126,squidly
O67766,,Not-found
O31544,221|241,squidly
E4N7E5,,Not-found
P36069,60|253,squidly
P90518,,Not-found
A5FZN7,,Not-found
C4VBI7,,Not-found
Q6ZQ88,,Not-found
C0LGK4,656,squidly
Q20085,223,squidly
Q5A3P6,363,squidly
Q86JJ0,,Not-found
Q7Y220,421|482|592,squidly
P16692,,Not-found
H1AAP2,43,squidly
Q8ZZP3,,Not-found
P51599,,Not-found
Q9Y7L4,175,squidly
P30899,82|146,squidly
P44679,17,squidly
Q98RC3,66,squidly
D4AJR9,129,squidly
P96630,75,squidly
A2QWT2,214|237|289,squidly
Q0V147,,Not-found
E7FHF1,103,squidly
P41654,64,squidly
Q9S850,,Not-found
P95481,,Not-found
O69981,365,squidly
Q9L9E9,,Not-found
Q54F47,,Not-found
Q09109,,Not-found
Q8NE63,135,squidly
O94266,527,squidly
Q9K8X1,,Not-found
Q9I5W4,696,squidly
P06279,267|297,squidly
Q58DB6,272|274,squidly
Q4P804,,Not-found
O16129,,Not-found
P07003,,Not-found
A8GG78,380|414,squidly
Q8PYS1,,Not-found
Q4QEY9,,Not-found
Q9C5S1,234,squidly
Q7Z5A4,119|165|266,squidly
O35000,66|135|137|142,squidly
P25472,158|263,squidly
B2A6B7,,Not-found
P40601,33|329,squidly
Q93Z04,,Not-found
F4HWL4,,Not-found
B2AM55,398,squidly
P0DOV3,,Not-found
P80563,,Not-found
P0DTF7,129,squidly
A0A0H2WWV6,,Not-found
Q7Z5W3,,Not-found
Q9FFB6,,Not-found
Q9ACU1,328|376,squidly
Q0PKV7,177,squidly
Q621J7,129,squidly
Q55EC7,139,squidly
Q54Y55,146,squidly
Q03942,,Not-found
B5BLW5,155|250|280,squidly
Q4WZB3,351|379,squidly
Q796K8,,Not-found
A0Q5Y4,,Not-found
O94702,,Not-found
P37391,411,squidly
O83859,43,squidly
Q04458,235|272,squidly
P32747,266,squidly
Q9VWP4,,Not-found
P0CU70,,Not-found
P46843,378|381,squidly
Q01198,160,squidly
Q9JJN0,115,squidly
P23298,478,squidly
E1WKT5,,Not-found
Q10039,,Not-found
P39153,,Not-found
E7EZI4,158,squidly
Q8MYF1,250,squidly
Q9XSL6,340,squidly
Q8W583,65,squidly
O80831,421,squidly
A8BQJ3,339|406|652|722,squidly
P15636,261|317|398,squidly
Q8XAC3,268,squidly
Q54CD6,,Not-found
P43154,477,squidly
Q9FJT9,87|164,squidly
Q7LKZ6,503|624,squidly
D3DFS4,92,squidly
O60156,205|213|244,squidly
Q6AHF2,,Not-found
Q17577,,Not-found
Q04399,,Not-found
Q4WR17,,Not-found
P41963,,Not-found
Q98KK0,,Not-found
P33180,,Not-found
Q12305,97,squidly
G5EFL0,,Not-found
Q8W490,223,squidly
Q46EH3,,Not-found
Q74CU0,6,squidly
Q9X1G3,,Not-found
Q9ZI86,268|329|381,squidly
P9WLH5,7|171|245|312,squidly
P40084,,Not-found
Q6BZH1,,Not-found
Q55A00,135,squidly
Q9RDE9,199|326,squidly
Q8K009,693|727,squidly
Q949R4,,Not-found
P35484,,Not-found
Q99558,514,squidly
Q6B9Y8,,Not-found
P0A7A5,,Not-found
Q9R5V5,,Not-found
Q9STK6,149,squidly
Q54VC0,138,squidly
O14040,,Not-found
Q936X2,90|164|188,squidly
P95442,279|330,squidly
Q503I8,293|320|337,squidly
Q9N2V9,501,squidly
F0X8C8,246,squidly
J3K844,49|83,squidly
P21182,,Not-found
P53720,,Not-found
M2ZIX7,181,squidly
Q9ZQ31,255,squidly
Q23544,403,squidly
Q04049,,Not-found
Q74NA6,,Not-found
Q54IP4,297,squidly
Q7ZVS8,278,squidly
G0L322,146|151,squidly
B3PIB0,159|332|334,squidly
D3JV05,,Not-found
P42778,,Not-found
Q9AAA6,,Not-found
Q6CH28,119|322,squidly
P21338,77|151|155,squidly
Q4WD45,,Not-found
D0E8I5,,Not-found
E5A7D6,,Not-found
Q93ZC9,178,squidly
Q9FMY3,152,squidly
P76290,,Not-found
Q54XL6,220,squidly
Q02595,229,squidly
P06652,479,squidly
P0AEY3,,Not-found
Q27895,,Not-found
Q4PHZ2,318|378|426,squidly
Q8T2I5,24|113|115,squidly
P16854,190|323|441,squidly
Q5JE80,,Not-found
Q9YFM7,,Not-found
P22857,53|56,squidly
Q5B998,226,squidly
P27874,24|106|156,squidly
Q39054,,Not-found
Q8C015,567,squidly
Q8KLM3,66,squidly
O22827,,Not-found
Q12043,,Not-found
Q7Z9M7,,Not-found
Q86TM3,,Not-found
B2V8P5,68,squidly
P46116,147|149|209,squidly
Q02863,61|406,squidly
C4JUE5,51|87,squidly
C7EXL6,300,squidly
Q6DNF3,,Not-found
Q7VQW8,8|10,squidly
Q03161,158|263,squidly
P75430,,Not-found
Q9F3C7,,Not-found
Q9HZ00,,Not-found
O74429,396,squidly
Q04195,,Not-found
O45797,624,squidly
P77791,,Not-found
K0KPV8,,Not-found
O06335,,Not-found
Q9FI61,87,squidly
O59272,,Not-found
O02002,153|195,squidly
P44570,208,squidly
P42790,501,squidly
Q00983,62|149,squidly
P22751,594,squidly
Q01490,,Not-found
Q8EVU1,283|304|419,squidly
P55356,100,squidly
Q1ECV4,,Not-found
L0DSL2,,Not-found
P46489,292,squidly
Q01738,706|749,squidly
Q54S02,,Not-found
Q2UPC5,,Not-found
Q2M405,469|488,squidly
P23857,66,squidly
D4GYE6,245,squidly
I6Y2J4,308|382|412,squidly
Q0WSX8,82,squidly
P45436,316|359,squidly
O26901,,Not-found
Q0V9R3,,Not-found
Q9WYP4,,Not-found
O93939,,Not-found
B0R9W6,,Not-found
G3KIM8,376,squidly
Q4FS72,255,squidly
F1SYB2,,Not-found
Q60314,,Not-found
Q86AT8,471,squidly
Q02742,319,squidly
C0QRQ2,,Not-found
C4LK80,566,squidly
Q59QL0,342,squidly
A1JHZ3,128,squidly
P0CD62,824,squidly
Q3E989,324|345,squidly
Q11010,298,squidly
I6WU39,,Not-found
P44888,452,squidly
I6Y778,359,squidly
P22216,318,squidly
P54511,,Not-found
O77081,78|99|191,squidly
Q9NGP6,150,squidly
B1L6M8,89,squidly
Q86AH1,593,squidly
Q82P90,46|161|222,squidly
O59179,96,squidly
Q4WQI1,63|418,squidly
Q9I4U2,264,squidly
Q9LUS8,,Not-found
A0A3G5BB24,,Not-found
A1B8Z0,66,squidly
I6WZK7,490,squidly
O87876,,Not-found
I1S2J5,,Not-found
Q92111,,Not-found
Q54EM5,,Not-found
S0DS17,,Not-found
Q9LIG0,,Not-found
Q54970,,Not-found
Q04972,207,squidly
Q5VZV1,,Not-found
S0E627,,Not-found
Q20443,157,squidly
F1DBB3,305,squidly
Q7XQZ6,,Not-found
Q8SQZ6,,Not-found
A5JTM5,,Not-found
Q9Z2D7,533,squidly
Q06522,288,squidly
Q9P6N2,11|13,squidly
P27574,469,squidly
Q9SJA1,182|438,squidly
A9CKY2,114|190|258,squidly
P10478,644|753,squidly
Q86KK2,,Not-found
Q8L493,,Not-found
Q9ZGH1,,Not-found
P47473,385,squidly
Q84HH8,254|293,squidly
Q87P32,,Not-found
Q24488,538,squidly
A2PU44,129,squidly
P22806,236,squidly
P10484,,Not-found
Q9RV39,,Not-found
B7XHR6,187,squidly
Q869L4,137,squidly
P39074,67|272,squidly
P32138,404|407|471,squidly
Q54528,101|247|275,squidly
Q9XG80,71,squidly
H2VFI5,,Not-found
Q9PF20,,Not-found
C0SPA0,405|434,squidly
C1F1C7,,Not-found
P9WLL7,,Not-found
O16881,187|191,squidly
P80909,,Not-found
Q2UPB4,,Not-found
Q95017,92,squidly
O57712,326,squidly
Q58826,,Not-found
B0G0Y8,212,squidly
Q92383,169,squidly
P25037,109|696,squidly
P83179,95,squidly
Q8W4N3,239|906,squidly
Q9NFP1,75|202,squidly
Q75SP7,39|107|139,squidly
Q9XTD6,164,squidly
O31857,,Not-found
Q6AIT8,118|145,squidly
Q9N0F3,,Not-found
B8D1G6,149,squidly
Q03533,179,squidly
Q08968,,Not-found
Q9VM90,220,squidly
Q8Z5I4,,Not-found
Q9LJK1,,Not-found
Q8T0S6,160,squidly
Q57749,83,squidly
Q9ZJ81,69,squidly
Q54TH6,453,squidly
P53314,38|149,squidly
Q06584,656,squidly
P12546,67|125|217,squidly
Q95WU5,705|737,squidly
Q7M438,62|112|116,squidly
Q9YDW0,,Not-found
L0E155,,Not-found
Q7RX33,412,squidly
A9A1T2,,Not-found
Q7M826,,Not-found
Q2LGB3,339,squidly
Q9HU15,280|433|471,squidly
Q9FE17,133,squidly
O31619,,Not-found
Q8RV79,162|183,squidly
Q9HV27,,Not-found
O42773,180,squidly
P44176,189,squidly
P34205,,Not-found
P39840,176|282,squidly
O32183,1,squidly
Q6QWR1,552|595,squidly
O34788,41,squidly
O58832,,Not-found
A0A140C435,,Not-found
I1RPI4,307,squidly
Q93Z01,249,squidly
P21514,318,squidly
P76190,168|223,squidly
P0C218,,Not-found
P17989,78|82,squidly
B6PLN3,,Not-found
Q67SW0,63,squidly
A9AWD5,312|490,squidly
Q9AL94,,Not-found
P15109,,Not-found
Q8NB12,,Not-found
Q9XB60,130,squidly
Q5A961,165,squidly
P53219,151|318,squidly
Q84MA1,515,squidly
P36163,203|305,squidly
Q9FM79,220|241,squidly
Q54ME1,261|396|414,squidly
Q7MUW6,602|677|709,squidly
I1BYM7,209|232,squidly
Q22710,154,squidly
Q7UK67,123|148,squidly
O27089,,Not-found
Q17426,187,squidly
Q9FXG2,,Not-found
P13502,,Not-found
Q8Q054,,Not-found
Q96329,407,squidly
Q8PU60,,Not-found
P38694,353|388,squidly
Q9V6K3,579,squidly
P40376,323,squidly
Q9C533,192,squidly
O74426,150,squidly
Q9AI65,171,squidly
Q4V399,,Not-found
P10475,168|256,squidly
P33663,122,squidly
Q6DRD3,,Not-found
Q83GI1,116|217,squidly
P73881,158,squidly
P86226,,Not-found
Q9Z175,,Not-found
Q5WB95,,Not-found
S0DQ98,,Not-found
Q8VHL1,,Not-found
Q05688,407,squidly
Q12706,214,squidly
P94544,,Not-found
O01775,136,squidly
O25503,1|154,squidly
Q08961,,Not-found
Q9RWM1,,Not-found
D4GU60,,Not-found
Q1ZXC8,136,squidly
P56064,,Not-found
Q8TZH9,,Not-found
Q21376,78,squidly
P27035,285|377,squidly
P54746,125,squidly
P45306,458|483|487,squidly
F4JNL3,156|293|313,squidly
Q51507,,Not-found
P39671,111,squidly
B2KES3,,Not-found
O28242,120|189,squidly
P30043,,Not-found
O81755,107,squidly
Q8C2P3,,Not-found
Q9Y899,140,squidly
Q8VZJ9,246,squidly
Q7M0R2,,Not-found
Q5A1W9,166,squidly
B0WSX1,219,squidly
Q8EN08,70,squidly
P72173,,Not-found
B2UP57,150|213|278,squidly
P41734,11|186|189,squidly
Q58192,,Not-found
P50139,247,squidly
P30269,322,squidly
Q4FM31,,Not-found
Q0E2Y1,393,squidly
O06995,6|8,squidly
Q6AUC6,75,squidly
Q338P6,,Not-found
S0DPM1,,Not-found
Q08548,381,squidly
Q2NL51,243,squidly
Q8N966,,Not-found
P74297,162,squidly
P34100,456,squidly
Q9HLE6,292,squidly
P04635,368|558|599,squidly
P25524,217,squidly
Q6S5G3,,Not-found
P78581,194|500,squidly
Q12303,80|287,squidly
Q9UUF3,,Not-found
Q4PSE8,,Not-found
O87393,,Not-found
P71011,,Not-found
E7FHN9,,Not-found
Q9SR40,,Not-found
A0A166YZU9,,Not-found
A1A6H3,324,squidly
F4JYG0,,Not-found
P37349,8|429,squidly
Q01402,198,squidly
Q5FR18,221,squidly
A6R104,,Not-found
Q8THG6,,Not-found
Q8L7S3,731|801,squidly
E9QBI7,296|407,squidly
P04390,91,squidly
Q97VT7,198,squidly
P40986,183|258,squidly
Q9X0L3,182,squidly
P23382,266,squidly
Q5YQZ6,235,squidly
Q5NAI7,,Not-found
P77324,,Not-found
P80874,56,squidly
Q9XB59,,Not-found
K2RU68,,Not-found
O59923,347,squidly
Q9FK51,,Not-found
O13924,304,squidly
Q4JB16,,Not-found
Q09693,,Not-found
A0A0K0JFP3,238,squidly
Q8P3J4,,Not-found
P74181,,Not-found
Q8H215,,Not-found
O54571,,Not-found
Q940L4,384|445|559,squidly
P23872,164|261|291,squidly
P45951,388|428|526,squidly
O45686,,Not-found
O86042,,Not-found
P84142,19|37,squidly
Q8UJ09,103|167|199,squidly
Q9ZHY3,,Not-found
